Tournament,Date,Team_1,Team_2,Score_1,Score_2,Game_Rank_Diff_USAU,Game_Wght_USAU,Is_Ignored_USAU,Team_Rank_Diff_USAU,Game_Rank_Diff_Windmill,Game_Wght_Windmill,Is_Ignored_Windmill,Team_Rank_Diff_Windmill,Game_Rank_Diff_Sigmoid,Game_Wght_Sigmoid,Is_Ignored_Sigmoid,Team_Rank_Diff_Sigmoid
Spring Startup,2023-04-22,Brighton Ultimate,Bristol Open 2,15,8,564.8086448756737,1.0,0,531.7099999999999,7,1,0,7.11,7,1,0,7.3908447594276545
Spring Startup,2023-04-22,Brighton Ultimate,Flyght Open 2,15,5,600.0,1.0,1,788.24,10,1,0,11.26,10,1,0,10.504584038988277
Spring Startup,2023-04-22,Brighton Ultimate,St Albans,15,9,515.4814780292847,1.0,0,686.49,6,1,0,9.27,6,1,0,9.148385882526263
Spring Startup,2023-04-22,Bristol Open,Flyght Open 1,15,4,600.0,1.0,1,837.4100000000001,11,1,0,11.309999999999999,11,1,0,10.676829632279848
Spring Startup,2023-04-22,Bristol Open,Ka-Pow!,14,6,600.0,1.0,0,335.75000000000006,8,1,0,3.8599999999999994,8,1,0,4.798019235164311
Spring Startup,2023-04-22,Bristol Open,Newcastle Brown,15,9,515.4814780292847,1.0,0,621.71,6,1,0,7.39,6,1,0,8.049871254492036
Spring Startup,2023-04-22,Bristol Open 2,Brixton,15,7,600.0,1.0,0,197.71999999999997,8,1,0,4.27,8,1,0,4.307148624922814
Spring Startup,2023-04-22,Devon 1,Lemmings 1,13,7,557.5316737222639,1.0,0,87.05,6,1,0,0.9900000000000002,6,1,0,1.1542138656790542
Spring Startup,2023-04-22,Devon 1,Newcastle Brown,14,8,536.0348119187572,1.0,0,229.26,6,1,0,2.41,6,1,0,2.5592245017091386
Spring Startup,2023-04-22,Fire of London,Cambridge Ultimate,15,8,564.8086448756737,1.0,0,189.1,7,1,0,1.99,7,1,0,2.3680281142531356
Spring Startup,2023-04-22,Fire of London,LLLeeds Open 1,10,9,125.0,1.0,0,334.39,1,1,0,3.84,1,1,0,4.033114449602536
Spring Startup,2023-04-22,Flyght Open 1,Newcastle Brown,14,9,473.8676990361691,1.0,0,-215.70000000000002,5,1,0,-3.92,5,1,0,-4.250653181453437
Spring Startup,2023-04-22,Ka-Pow!,Devon 1,14,10,398.70186369942724,1.0,0,56.69999999999999,4,1,0,1.12,4,1,0,1.4303904810798969
Spring Startup,2023-04-22,Ka-Pow!,Lemmings 1,15,5,600.0,1.0,0,143.75,10,1,0,2.1100000000000003,10,1,0,2.5657775092467823
Spring Startup,2023-04-22,Lemmings 1,Flyght Open 1,12,11,125.0,1.0,0,357.91,1,1,0,5.34,1,1,0,5.525733124794673
Spring Startup,2023-04-22,Manchester Ultimate,Cambridge Ultimate,15,9,515.4814780292847,1.0,0,193.70000000000002,6,1,0,2.69,6,1,0,3.096599987591393
Spring Startup,2023-04-22,Manchester Ultimate,LLLeeds Open 1,12,6,579.3107485100336,0.9733285267845752,0,338.99,6,1,0,4.54,6,1,0,4.7224792153565005
Spring Startup,2023-04-22,Oxford Ultimate,Manchester Bees,14,13,125.0,1.0,0,23.519999999999982,1,1,0,1.19,1,1,0,0.9997656014916387
Spring Startup,2023-04-22,Reading Open,Cambridge Ultimate,15,9,515.4814780292847,1.0,0,266.68,6,1,0,2.78,6,1,0,3.6427427726410926
Spring Startup,2023-04-22,Reading Open,Manchester Ultimate,14,12,220.95664314305532,1.0,0,72.97999999999999,2,1,0,0.08999999999999986,2,1,0,0.574968154765914
Spring Startup,2023-04-22,SMOG Men,Fire of London,15,8,564.8086448756737,1.0,0,264.3,7,1,0,3.4099999999999997,7,1,0,4.026851672635292
Spring Startup,2023-04-22,SMOG Men,LLLeeds Open 1,13,8,496.1596377856195,1.0,0,598.69,5,1,0,7.25,5,1,0,7.517354965672379
Spring Startup,2023-04-22,SMOG Men,Reading Open,14,13,125.0,1.0,0,186.72,1,1,0,2.6199999999999997,1,1,0,2.7669595306599284
Spring Startup,2023-04-22,SOLENT,Birmingham Ultimate,12,9,345.3654772346762,1.0,0,561.97,3,1,0,8.66,3,1,0,8.673953700298824
Spring Startup,2023-04-22,SOLENT,Birmingham Ultimate,15,5,600.0,1.0,0,561.97,10,1,0,8.66,10,1,0,8.673953700298824
Spring Startup,2023-04-22,SOLENT,Manchester Bees,14,10,398.70186369942724,1.0,0,174.44,4,1,0,2.7299999999999995,4,1,0,2.9022000546316775
Spring Startup,2023-04-22,SOLENT,Oxford Ultimate,12,11,125.0,1.0,0,150.92000000000002,1,1,0,1.5399999999999998,1,1,0,1.9272880730151947
Spring Startup,2023-04-22,SOLENT,Oxford Ultimate,15,7,600.0,1.0,0,150.92000000000002,8,1,0,1.5399999999999998,8,1,0,1.9272880730151947
Spring Startup,2023-04-22,St Albans,Flyght Open 2,15,3,600.0,1.0,0,101.75,12,1,0,1.9900000000000002,12,1,0,2.3672968003383374
Spring Startup,2023-04-22,Steal,Bristol Open 2,13,7,557.5316737222639,1.0,0,378.78,6,1,0,4.86,6,1,0,5.326924284387083
Spring Startup,2023-04-22,Steal,Brixton,15,2,600.0,1.0,0,576.5,13,1,0,9.129999999999999,13,1,0,8.742569595178526
Spring Startup,2023-04-22,Steal,St Albans,14,9,473.8676990361691,1.0,0,533.56,5,1,0,7.0200000000000005,5,1,0,7.39936038163599
Spring Startup,2023-04-23,Birmingham Ultimate,Bristol Open 2,12,11,125.0,1.0,0,-276.56,1,1,0,-4.65,1,1,0,-5.072220787538026
Spring Startup,2023-04-23,Birmingham Ultimate,Flyght Open 2,13,9,418.5661446562001,1.0,0,-20.029999999999973,4,1,0,-0.5,4,1,0,-0.3561830326875839
Spring Startup,2023-04-23,Brighton Ultimate,Cambridge Ultimate,15,9,515.4814780292847,1.0,0,103.77,6,1,0,1.37,6,1,0,1.5825882762329861
Spring Startup,2023-04-23,Brighton Ultimate,Flyght Open 1,14,9,473.8676990361691,1.0,0,291.95,5,1,0,4.95,5,1,0,5.048958578428163
Spring Startup,2023-04-23,Brighton Ultimate,LLLeeds Open 1,15,8,564.8086448756737,1.0,0,249.06,7,1,0,3.2199999999999998,7,1,0,3.281351251821178
Spring Startup,2023-04-23,Bristol Open,Fire of London,15,11,381.1647521399218,1.0,0,460.13000000000005,4,1,0,5.74,4,1,0,6.780466020359096
Spring Startup,2023-04-23,Bristol Open,Reading Open,15,9,515.4814780292847,1.0,0,382.55000000000007,6,1,0,4.949999999999999,6,1,0,5.681898866990235
Spring Startup,2023-04-23,Bristol Open,SMOG Men,14,12,220.95664314305532,1.0,0,195.83000000000004,2,1,0,2.33,2,1,0,3.133917791937403
Spring Startup,2023-04-23,Brixton,Flyght Open 2,10,9,125.0,1.0,0,58.81000000000006,1,1,0,-0.11999999999999922,1,1,0,0.4918236381344716
Spring Startup,2023-04-23,Cambridge Ultimate,Newcastle Brown,15,10,453.6039151898044,1.0,0,-27.519999999999996,5,1,0,-0.33999999999999997,5,1,0,-0.704481343280257
Spring Startup,2023-04-23,Cambridge Ultimate,Steal,15,7,600.0,1.0,0,49.160000000000004,8,1,0,0.88,8,1,0,0.9355341209566799
Spring Startup,2023-04-23,Devon 1,Lemmings 1,12,10,238.1225775586291,1.0,0,87.05,2,1,0,0.9900000000000002,2,1,0,1.1542138656790542
Spring Startup,2023-04-23,Fire of London,Devon 1,13,12,125.0,1.0,0,-67.68,1,1,0,-0.7600000000000002,1,1,0,-0.9004161569089018
Spring Startup,2023-04-23,Flyght Open 1,SOLENT,15,7,600.0,1.0,0,-45.650000000000006,8,1,0,-1.8499999999999999,8,1,0,-1.768486865066599
Spring Startup,2023-04-23,Flyght Open 1,SOLENT,11,10,125.0,1.0,0,-45.650000000000006,1,1,0,-1.8499999999999999,1,1,0,-1.768486865066599
Spring Startup,2023-04-23,Ka-Pow!,Fire of London,14,11,313.3379659704299,1.0,0,124.38,3,1,0,1.8800000000000003,3,1,0,2.317540554836018
Spring Startup,2023-04-23,Ka-Pow!,Lemmings 1,15,5,600.0,1.0,0,143.75,10,1,0,2.1100000000000003,10,1,0,2.5657775092467823
Spring Startup,2023-04-23,LLLeeds Open 1,Newcastle Brown,15,14,125.0,1.0,0,-172.81,1,1,0,-2.19,1,1,0,-2.4301472540890856
Spring Startup,2023-04-23,LLLeeds Open 1,SOLENT,12,10,238.1225775586291,1.0,0,-2.759999999999991,2,1,0,-0.11999999999999988,2,1,0,0.1417457806075948
Spring Startup,2023-04-23,Manchester Bees,Brixton,15,7,600.0,1.0,0,308.68999999999994,8,1,0,5.55,8,1,0,5.793304214429288
Spring Startup,2023-04-23,Manchester Bees,Flyght Open 2,14,10,398.70186369942724,1.0,0,367.5,4,1,0,5.430000000000001,4,1,0,6.206531538201634
Spring Startup,2023-04-23,Manchester Ultimate,Ka-Pow!,15,12,300.4922431832018,1.0,0,-119.77999999999997,3,1,0,-1.1800000000000002,3,1,0,-1.5766548150941304
Spring Startup,2023-04-23,Newcastle Brown,SOLENT,15,12,300.4922431832018,1.0,0,170.05,3,1,0,2.0700000000000003,3,1,0,2.5679616210486813
Spring Startup,2023-04-23,Oxford Ultimate,Bristol Open 2,14,13,125.0,1.0,0,134.48999999999995,1,1,0,2.47,1,1,0,2.651600502755791
Spring Startup,2023-04-23,Oxford Ultimate,Brixton,15,5,600.0,1.0,0,332.2099999999999,10,1,0,6.74,10,1,0,6.622591183390494
Spring Startup,2023-04-23,Oxford Ultimate,St Albans,14,13,125.0,1.0,0,289.27,1,1,0,4.630000000000001,1,1,0,5.015679307270801
Spring Startup,2023-04-23,Reading Open,Devon 1,15,10,453.6039151898044,1.0,0,9.900000000000006,5,1,0,0.029999999999999805,5,1,0,0.42738429196839434
Spring Startup,2023-04-23,Reading Open,Manchester Ultimate,15,11,381.1647521399218,1.0,0,72.97999999999999,4,1,0,0.08999999999999986,4,1,0,0.574968154765914
Spring Startup,2023-04-23,SMOG Men,Lemmings 1,15,7,600.0,1.0,0,283.67,8,1,0,3.6399999999999997,8,1,0,4.262376498524045
Spring Startup,2023-04-23,SMOG Men,Manchester Ultimate,13,7,557.5316737222639,1.0,0,259.7,6,1,0,2.7099999999999995,6,1,0,3.3184637337057907
Spring Startup,2023-04-23,SOLENT,Steal,14,7,582.8868714046324,1.0,0,-93.37,7,1,0,-0.8500000000000001,7,1,0,-0.9504748358671016
Spring Startup,2023-04-23,St Albans,Birmingham Ultimate,15,8,564.8086448756737,1.0,0,121.77999999999997,7,1,0,2.49,7,1,0,2.713311655947539
Spring Startup,2023-04-23,St Albans,Manchester Bees,15,10,453.6039151898044,1.0,0,-265.75,5,1,0,-3.4400000000000004,5,1,0,-4.107455258412434
Spring Startup,2023-04-23,Steal,SOLENT,11,7,466.89332573293274,0.9733285267845752,0,93.37,4,1,0,0.8500000000000001,4,1,0,0.9504748358671034
Manchester Mayhem,2023-05-14,Bristol Open,Cambridge Ultimate,11,9,249.2068104043629,1.0,0,649.23,2,1,0,7.7299999999999995,2,1,0,8.539129193293778
Manchester Mayhem,2023-05-14,Bristol Open,Curve,15,5,600.0,1.0,1,1209.74,10,1,0,15.739999999999998,10,1,0,12.871129874319784
Manchester Mayhem,2023-05-14,Bristol Open,Lemmings 1,14,9,473.8676990361691,1.0,0,479.50000000000006,5,1,0,5.97,5,1,0,6.9817948271263965
Manchester Mayhem,2023-05-14,Bristol Open,Manchester Bees,15,7,600.0,1.0,0,966.2,8,1,0,12.19,8,1,0,11.21934426630185
Manchester Mayhem,2023-05-14,Cambridge Ultimate,Curve,15,4,600.0,1.0,0,560.51,11,1,0,8.01,11,1,0,8.468896127039557
Manchester Mayhem,2023-05-14,Cambridge Ultimate,Manchester Bees,14,6,600.0,1.0,0,316.97,8,1,0,4.46,8,1,0,4.667681132290099
Manchester Mayhem,2023-05-14,Flyght Open 1,Lemmings 2,13,6,600.0,1.0,0,-198.05,7,1,0,-3.1399999999999997,7,1,0,-3.383307646499496
Manchester Mayhem,2023-05-14,Flyght Open 1,Yorkshire Ultimate,10,7,389.6652919127421,0.9459053029269173,0,-217.44,3,1,0,-4.07,3,1,0,-4.054674625764864
Manchester Mayhem,2023-05-14,Lemmings 1,Cambridge Ultimate,12,7,520.5112660164395,1.0,0,169.73,5,1,0,1.76,5,1,0,2.118738324882912
Manchester Mayhem,2023-05-14,Lemmings 1,Curve,15,7,600.0,1.0,0,730.24,8,1,0,9.77,8,1,0,9.805650200193238
Manchester Mayhem,2023-05-14,Lemmings 1,Manchester Bees,15,6,600.0,1.0,0,486.7,9,1,0,6.22,9,1,0,6.500689732520684
Manchester Mayhem,2023-05-14,Lemmings 2,Manchester Ultimate,8,7,125.0,0.8885233166386386,0,-183.83,1,1,0,-3.13,1,1,0,-3.309189596790713
Manchester Mayhem,2023-05-14,Lemmings 2,Newcastle Brown,10,5,573.8977938505714,0.8885233166386386,0,-17.65,5,1,0,-0.78,5,1,0,-0.9265687955014634
Manchester Mayhem,2023-05-14,Lemmings 2,Yorkshire Ultimate,10,6,496.1596377856195,0.9176629354822471,0,-19.39,4,1,0,-0.93,4,1,0,-0.7149578367610925
Manchester Mayhem,2023-05-14,Manchester Bees,Curve,14,10,398.70186369942724,1.0,0,243.53999999999996,4,1,0,3.55,4,1,0,4.611386562167954
Manchester Mayhem,2023-05-14,Manchester Ultimate,Flyght Open 1,15,4,600.0,1.0,0,381.88,11,1,0,6.27,11,1,0,6.37526392705383
Manchester Mayhem,2023-05-14,Manchester Ultimate,Newcastle Brown,13,4,600.0,1.0,0,166.18,9,1,0,2.35,9,1,0,2.415538599925018
Manchester Mayhem,2023-05-14,Manchester Ultimate,Yorkshire Ultimate,8,7,125.0,0.8885233166386386,0,164.44,1,1,0,2.2,1,1,0,2.621800646781871
Manchester Mayhem,2023-05-14,Newcastle Brown,Flyght Open 1,10,9,125.0,1.0,0,215.70000000000002,1,1,0,3.92,1,1,0,4.250653181453437
Manchester Mayhem,2023-05-14,Yorkshire Ultimate,Newcastle Brown,10,9,125.0,1.0,0,1.7400000000000002,1,1,0,0.15000000000000002,1,1,0,-0.2122358353925513
Manchester Mayhem,2023-05-15,Bristol Open,Cambridge Ultimate,15,12,300.4922431832018,1.0,0,649.23,3,1,0,7.7299999999999995,3,1,0,8.539129193293778
Manchester Mayhem,2023-05-15,Cambridge Ultimate,Lemmings 2,15,7,600.0,1.0,0,-9.869999999999997,8,1,0,0.44000000000000006,8,1,0,0.2227336276485623
Manchester Mayhem,2023-05-15,Cambridge Ultimate,Manchester Ultimate,15,14,125.0,1.0,0,-193.70000000000002,1,1,0,-2.69,1,1,0,-3.096599987591391
Manchester Mayhem,2023-05-15,Curve,Newcastle Brown,13,10,328.14240231865136,1.0,0,-588.03,3,1,0,-8.35,3,1,0,-8.936416305199314
Manchester Mayhem,2023-05-15,Lemmings 1,Bristol Open,15,14,125.0,1.0,0,-479.50000000000006,1,1,0,-5.97,1,1,0,-6.981794827126395
Manchester Mayhem,2023-05-15,Lemmings 1,Flyght Open 1,15,4,600.0,1.0,0,357.91,11,1,0,5.34,11,1,0,5.525733124794673
Manchester Mayhem,2023-05-15,Lemmings 1,Lemmings 2,15,5,600.0,1.0,0,159.86,10,1,0,2.2,10,1,0,2.336571235570265
Manchester Mayhem,2023-05-15,Manchester Bees,Newcastle Brown,14,13,125.0,1.0,0,-344.49,1,1,0,-4.8,1,1,0,-5.294781148752808
Manchester Mayhem,2023-05-15,Manchester Ultimate,Flyght Open 1,14,13,125.0,1.0,0,381.88,1,1,0,6.27,1,1,0,6.37526392705383
Manchester Mayhem,2023-05-15,Yorkshire Ultimate,Curve,15,3,600.0,1.0,0,589.77,12,1,0,8.5,12,1,0,8.798345745175208
Manchester Mayhem,2023-05-15,Yorkshire Ultimate,Manchester Bees,15,5,600.0,1.0,0,346.23,10,1,0,4.95,10,1,0,5.108057045692362
Windfarm,2023-06-03,Alba,Lemmings 1,15,6,600.0,1.0,0,557.1999999999999,9,1,0,7.76,9,1,0,8.164545845087488
Windfarm,2023-06-03,Birmingham Ultimate,Red Open,10,7,389.6652919127421,0.9459053029269173,0,125.80000000000007,3,1,0,0.5,3,1,0,0.6288811410709965
Windfarm,2023-06-03,Bristol Open,Alba,15,6,600.0,1.0,0,-77.69999999999993,9,1,0,-1.79,9,1,0,-1.5840715633408085
Windfarm,2023-06-03,Bristol Open,Ka-Pow!,15,12,300.4922431832018,1.0,0,335.75000000000006,3,1,0,3.8599999999999994,3,1,0,4.798019235164311
Windfarm,2023-06-03,Bristol Open,SMOG Men,12,8,441.15462425988915,1.0,0,195.83000000000004,4,1,0,2.33,4,1,0,3.133917791937403
Windfarm,2023-06-03,Bristol Open 2,Birmingham Ultimate,13,4,600.0,1.0,0,276.56,9,1,0,4.65,9,1,0,5.072220787538022
Windfarm,2023-06-03,Bristol Open 2,Red Open,15,5,600.0,1.0,0,402.36000000000007,10,1,0,5.15,10,1,0,5.621407262910939
Windfarm,2023-06-03,Bristol Open 2,Thundering Herd,11,8,365.60925011032475,1.0,0,-59.25999999999999,3,1,0,-0.20000000000000018,3,1,0,0.03599993088015907
Windfarm,2023-06-03,Brixton,Manchester Bees,14,8,536.0348119187572,1.0,0,-308.68999999999994,6,1,0,-5.55,6,1,0,-5.793304214429286
Windfarm,2023-06-03,Brixton,St Albans,13,10,328.14240231865136,1.0,0,-42.93999999999994,3,1,0,-2.1099999999999994,3,1,0,-1.8852285287984571
Windfarm,2023-06-03,Cambridge Ultimate,Edinburgh Ultimate,15,9,515.4814780292847,1.0,0,101.5,6,1,0,1.3699999999999999,6,1,0,1.3128819708119863
Windfarm,2023-06-03,Cambridge Ultimate,Lemmings 2,12,11,125.0,1.0,0,-9.869999999999997,1,1,0,0.44000000000000006,1,1,0,0.2227336276485623
Windfarm,2023-06-03,Clapham,GB Open Masters,15,9,515.4814780292847,1.0,0,197.86,6,1,0,2.2699999999999996,6,1,0,2.8046143350546764
Windfarm,2023-06-03,Clapham,Reading Open,15,10,453.6039151898044,1.0,0,678.0400000000001,5,1,0,9.55,5,1,0,9.514246592357555
Windfarm,2023-06-03,Clapham,SMASH'D,15,8,564.8086448756737,1.0,0,402.27000000000004,7,1,0,5.73,7,1,0,6.507388639646319
Windfarm,2023-06-03,Curve,Guildford Ultimate Open,12,7,520.5112660164395,1.0,0,736.2900000000001,5,1,0,7.84,5,1,0,8.327301178331787
Windfarm,2023-06-03,Edinburgh Ultimate,Flyght Open 1,12,10,238.1225775586291,1.0,0,86.68,2,1,0,2.21,2,1,0,2.329984561262023
Windfarm,2023-06-03,Fire of London,Glasgow Open,10,9,125.0,1.0,0,227.63,1,1,0,2.27,1,1,0,2.827045010758603
Windfarm,2023-06-03,Fire of London,SOLENT,11,9,249.2068104043629,1.0,0,331.63,2,1,0,3.7199999999999998,2,1,0,4.164279684726392
Windfarm,2023-06-03,Flyght Open 1,Brighton Ultimate,12,10,238.1225775586291,1.0,0,-291.95,2,1,0,-4.95,2,1,0,-5.0489585784281665
Windfarm,2023-06-03,Flyght Open 2,Curve,14,12,220.95664314305532,1.0,0,-123.96000000000004,2,1,0,-1.8800000000000008,2,1,0,-1.8276246482828213
Windfarm,2023-06-03,Flyght Open 2,Guildford Ultimate Open,12,5,600.0,0.9459053029269173,0,612.33,7,1,0,5.959999999999999,7,1,0,6.971215125605077
Windfarm,2023-06-03,GB Open Masters,PELT Ultimate,13,9,418.5661446562001,1.0,0,163.5300000000001,4,1,0,3.3200000000000003,4,1,0,3.754741308037506
Windfarm,2023-06-03,GB Open Masters,Reading Open,15,4,600.0,1.0,0,480.18000000000006,11,1,0,7.280000000000001,11,1,0,7.612425005560677
Windfarm,2023-06-03,GB U20 Open,Newcastle Brown 2,15,4,600.0,1.0,0,753.8800000000001,11,1,0,12.36,11,1,0,11.430521647496981
Windfarm,2023-06-03,GB U20 Open,Plymouth Ultimate Open,15,5,600.0,1.0,0,746.5799999999999,10,1,0,11.51,10,1,0,11.00518960229865
Windfarm,2023-06-03,GB U24 Open,Alba,13,6,600.0,1.0,0,279.53,7,1,0,2.5700000000000003,7,1,0,3.334152348043748
Windfarm,2023-06-03,GB U24 Open,Lemmings 1,15,10,453.6039151898044,1.0,0,836.7299999999999,5,1,0,10.33,5,1,0,10.257664826054341
Windfarm,2023-06-03,GB U24 Open,SMOG Men,15,8,564.8086448756737,1.0,0,553.06,7,1,0,6.69,7,1,0,7.4412785505979
Windfarm,2023-06-03,Glasgow Open,SOLENT,12,11,125.0,1.0,0,104.0,1,1,0,1.4500000000000002,1,1,0,1.4110654177599642
Windfarm,2023-06-03,Ireland U24 Open,Ka-Pow!,11,8,365.60925011032475,1.0,0,150.85000000000002,3,1,0,0.8199999999999994,3,1,0,0.8690257509285555
Windfarm,2023-06-03,Ireland U24 Open,LLLeeds Open 1,13,9,418.5661446562001,1.0,0,609.62,4,1,0,6.539999999999999,4,1,0,6.806101356938594
Windfarm,2023-06-03,Ireland U24 Open,Newcastle Brown,14,11,313.3379659704299,1.0,0,436.81,3,1,0,4.35,3,1,0,4.72315486535366
Windfarm,2023-06-03,LLLeeds Open 1,Glasgow Open,15,11,381.1647521399218,1.0,0,-106.75999999999999,4,1,0,-1.5699999999999998,4,1,0,-1.2704489961197556
Windfarm,2023-06-03,Lemmings 1,Fire of London,15,6,600.0,1.0,0,-19.36999999999999,9,1,0,-0.22999999999999998,9,1,0,-0.25497543783938426
Windfarm,2023-06-03,Lemmings 2,Brighton Ultimate,12,10,238.1225775586291,1.0,0,-93.9,2,1,0,-1.81,2,1,0,-1.8024980253343532
Windfarm,2023-06-03,Lemmings 2,Edinburgh Ultimate,15,9,515.4814780292847,1.0,0,111.37,6,1,0,0.9299999999999999,6,1,0,1.0915670065389484
Windfarm,2023-06-03,Manchester Bees,St Albans,15,6,600.0,1.0,0,265.75,9,1,0,3.4400000000000004,9,1,0,4.107455258412436
Windfarm,2023-06-03,Manchester Ultimate,Cambridge Ultimate,14,12,220.95664314305532,1.0,0,193.70000000000002,2,1,0,2.69,2,1,0,3.096599987591393
Windfarm,2023-06-03,Newcastle Brown,LLLeeds Open 1,15,6,600.0,1.0,0,172.81,9,1,0,2.19,9,1,0,2.430147254089082
Windfarm,2023-06-03,Newcastle Brown,SOLENT,12,8,441.15462425988915,1.0,0,170.05,4,1,0,2.0700000000000003,4,1,0,2.5679616210486813
Windfarm,2023-06-03,Oxford Ultimate,GB U20 Open,11,9,249.2068104043629,1.0,0,-120.90000000000003,2,1,0,-2.0199999999999996,2,1,0,-2.90725318105072
Windfarm,2023-06-03,Oxford Ultimate,Newcastle Brown 2,15,1,600.0,1.0,1,632.98,14,1,0,10.34,14,1,0,10.0002586928373
Windfarm,2023-06-03,Oxford Ultimate,Plymouth Ultimate Open,15,5,600.0,1.0,1,625.68,10,1,0,9.49,10,1,0,9.440348648695007
Windfarm,2023-06-03,PELT Ultimate,Manchester Ultimate,15,10,453.6039151898044,1.0,0,389.62999999999994,5,1,0,4.050000000000001,5,1,0,4.938257412092483
Windfarm,2023-06-03,PELT Ultimate,SMASH'D,13,10,328.14240231865136,1.0,0,40.87999999999994,3,1,0,0.14000000000000057,3,1,0,0.29471206932272054
Windfarm,2023-06-03,Plymouth Ultimate Open,Newcastle Brown 2,11,10,125.0,1.0,0,7.300000000000068,1,1,0,0.8499999999999996,1,1,0,0.9646667618038336
Windfarm,2023-06-03,SMASH'D,Manchester Ultimate,15,5,600.0,1.0,0,348.75,10,1,0,3.9099999999999997,10,1,0,4.673776660904554
Windfarm,2023-06-03,SMOG Men,Ka-Pow!,15,11,381.1647521399218,1.0,0,139.92000000000002,4,1,0,1.5299999999999994,4,1,0,1.7832766133855138
Windfarm,2023-06-03,SOLENT 2,Brixton,11,5,600.0,0.9176629354822471,0,406.8299999999999,6,1,0,6.52,6,1,0,6.562077673584167
Windfarm,2023-06-03,SOLENT 2,Manchester Bees,15,14,125.0,1.0,0,98.13999999999999,1,1,0,0.9699999999999998,1,1,0,0.9250745098076045
Windfarm,2023-06-03,SOLENT 2,St Albans,15,6,600.0,1.0,0,363.89,9,1,0,4.41,9,1,0,4.9489539853465345
Windfarm,2023-06-03,Steal,Curve,15,3,600.0,1.0,0,511.34999999999997,12,1,0,7.13,12,1,0,7.808316832143095
Windfarm,2023-06-03,Steal,Flyght Open 2,15,7,600.0,1.0,0,635.31,8,1,0,9.01,8,1,0,9.061230999263369
Windfarm,2023-06-03,Steal,Guildford Ultimate Open,15,3,600.0,1.0,1,1247.64,12,1,0,14.969999999999999,12,1,0,12.518055437775544
Windfarm,2023-06-03,Thundering Herd,Birmingham Ultimate,14,4,600.0,1.0,0,335.82,10,1,0,4.8500000000000005,10,1,0,5.040311340317103
Windfarm,2023-06-03,Thundering Herd,Red Open,12,7,520.5112660164395,1.0,0,461.62000000000006,5,1,0,5.3500000000000005,5,1,0,5.590435500732966
Windfarm,2023-06-03,Tribe Open,Brighton Ultimate,15,10,453.6039151898044,1.0,0,293.83,5,1,0,3.04,5,1,0,3.574203078501636
Windfarm,2023-06-03,Tribe Open,Flyght Open 1,15,6,600.0,1.0,0,585.78,9,1,0,7.99,9,1,0,7.982897667567389
Windfarm,2023-06-03,Tribe Open,Reading Open,15,12,300.4922431832018,1.0,0,130.92,3,1,0,1.6300000000000003,3,1,0,1.5106118260103862
Windfarm,2023-06-04,Alba,PELT Ultimate,15,10,453.6039151898044,1.0,0,143.60000000000002,5,1,0,2.7799999999999994,5,1,0,2.9757630885099466
Windfarm,2023-06-04,Alba,SMASH'D,11,9,249.2068104043629,1.0,0,184.47999999999996,2,1,0,2.92,2,1,0,3.2577771634437376
Windfarm,2023-06-04,Alba,Tribe Open,15,6,600.0,1.0,0,329.33,9,1,0,5.109999999999999,9,1,0,5.745375616287209
Windfarm,2023-06-04,Birmingham Ultimate,Curve,11,9,249.2068104043629,1.0,0,-143.99,2,1,0,-2.380000000000001,2,1,0,-2.177507726360421
Windfarm,2023-06-04,Brighton Ultimate,Bristol Open 2,15,7,600.0,1.0,0,531.7099999999999,8,1,0,7.11,8,1,0,7.3908447594276545
Windfarm,2023-06-04,Brighton Ultimate,SOLENT,14,12,220.95664314305532,1.0,0,246.3,2,1,0,3.1,2,1,0,3.41603543897023
Windfarm,2023-06-04,Bristol Open,Clapham,15,14,125.0,1.0,0,-295.49,1,1,0,-4.6000000000000005,1,1,0,-5.04430284306088
Windfarm,2023-06-04,Brixton,Curve,14,7,582.8868714046324,1.0,0,-65.14999999999998,7,1,0,-2.0,7,1,0,-1.3411589042283385
Windfarm,2023-06-04,Cambridge Ultimate,Edinburgh Ultimate,15,4,600.0,1.0,0,101.5,11,1,0,1.3699999999999999,11,1,0,1.3128819708119863
Windfarm,2023-06-04,Cambridge Ultimate,Lemmings 2,15,13,214.17926913507503,1.0,0,-9.869999999999997,2,1,0,0.44000000000000006,2,1,0,0.2227336276485623
Windfarm,2023-06-04,Clapham,GB Open Masters,15,12,300.4922431832018,1.0,0,197.86,3,1,0,2.2699999999999996,3,1,0,2.8046143350546764
Windfarm,2023-06-04,Curve,Plymouth Ultimate Open,12,10,238.1225775586291,1.0,0,358.62,2,1,0,4.75,2,1,0,5.12396315836839
Windfarm,2023-06-04,Edinburgh Ultimate,LLLeeds Open 1,14,9,473.8676990361691,1.0,0,43.78999999999999,5,1,0,0.48,5,1,0,0.430381839415924
Windfarm,2023-06-04,Fire of London,Edinburgh Ultimate,11,6,546.6949863040446,0.9459053029269173,0,290.6,5,1,0,3.36,5,1,0,3.630742240934481
Windfarm,2023-06-04,Fire of London,Newcastle Brown,15,10,453.6039151898044,1.0,0,161.57999999999998,5,1,0,1.65,5,1,0,1.6759730431342632
Windfarm,2023-06-04,Flyght Open 1,Oxford Ultimate,14,8,536.0348119187572,1.0,0,105.27000000000001,6,1,0,-0.31000000000000005,6,1,0,0.16124378880273582
Windfarm,2023-06-04,Flyght Open 1,SOLENT 2,11,8,365.60925011032475,1.0,0,30.650000000000006,3,1,0,-0.08999999999999986,3,1,0,0.23623046701628425
Windfarm,2023-06-04,Flyght Open 1,Steal,11,6,546.6949863040446,0.9459053029269173,0,-139.02,5,1,0,-2.7,5,1,0,-2.69879983978897
Windfarm,2023-06-04,Flyght Open 2,Birmingham Ultimate,14,7,582.8868714046324,1.0,0,20.029999999999973,7,1,0,0.5,7,1,0,0.3561830326875839
Windfarm,2023-06-04,Flyght Open 2,Plymouth Ultimate Open,11,4,600.0,0.9176629354822471,0,234.65999999999997,7,1,0,2.869999999999999,7,1,0,3.4394929803920746
Windfarm,2023-06-04,GB U20 Open,Birmingham Ultimate,15,5,600.0,1.0,0,531.95,10,1,0,9.14,10,1,0,9.317937667014586
Windfarm,2023-06-04,GB U20 Open,Brixton,14,5,600.0,1.0,0,453.10999999999996,9,1,0,8.76,9,1,0,8.77864411091894
Windfarm,2023-06-04,GB U20 Open,Manchester Bees,15,6,600.0,1.0,0,144.42000000000002,9,1,0,3.21,9,1,0,3.8571912140024907
Windfarm,2023-06-04,GB U24 Open,Bristol Open,15,10,453.6039151898044,1.0,0,357.2299999999999,5,1,0,4.36,5,1,0,4.805423828832339
Windfarm,2023-06-04,GB U24 Open,GB Open Masters,15,13,214.17926913507503,1.0,0,259.5999999999999,2,1,0,2.0299999999999994,2,1,0,2.5453870729462444
Windfarm,2023-06-04,Glasgow Open,Bristol Open 2,15,7,600.0,1.0,0,389.40999999999997,8,1,0,5.46,8,1,0,5.727446885810899
Windfarm,2023-06-04,Glasgow Open,SOLENT 2,15,7,600.0,1.0,0,180.3,8,1,0,3.21,8,1,0,3.369779713995797
Windfarm,2023-06-04,Ireland U24 Open,Lemmings 1,12,9,345.3654772346762,1.0,0,294.6,3,1,0,2.9299999999999997,3,1,0,3.401098723623466
Windfarm,2023-06-04,Ireland U24 Open,Tribe Open,11,7,466.89332573293274,0.9733285267845752,0,66.73000000000002,4,1,0,0.27999999999999936,4,1,0,0.3614300286509806
Windfarm,2023-06-04,Ka-Pow!,Fire of London,13,12,125.0,1.0,0,124.38,1,1,0,1.8800000000000003,1,1,0,2.317540554836018
Windfarm,2023-06-04,Ka-Pow!,Lemmings 2,15,9,515.4814780292847,1.0,0,303.61,6,1,0,4.3100000000000005,6,1,0,4.775115848299468
Windfarm,2023-06-04,Ka-Pow!,Reading Open,13,11,228.8403622143806,1.0,0,46.79999999999998,2,1,0,1.0900000000000003,2,1,0,1.0057387877585597
Windfarm,2023-06-04,Lemmings 1,Manchester Ultimate,10,9,125.0,1.0,0,-23.970000000000013,1,1,0,-0.9300000000000002,1,1,0,-1.0072320343380792
Windfarm,2023-06-04,Lemmings 2,LLLeeds Open 1,15,8,564.8086448756737,1.0,0,155.16,7,1,0,1.41,7,1,0,1.5187777014565782
Windfarm,2023-06-04,Manchester Bees,Flyght Open 2,14,5,600.0,1.0,0,367.5,9,1,0,5.430000000000001,9,1,0,6.206531538201634
Windfarm,2023-06-04,Manchester Bees,Thundering Herd,12,11,125.0,1.0,0,51.70999999999998,1,1,0,1.08,1,1,0,1.7070724563794002
Windfarm,2023-06-04,Newcastle Brown,Cambridge Ultimate,15,10,453.6039151898044,1.0,0,27.519999999999996,5,1,0,0.33999999999999997,5,1,0,0.704481343280257
Windfarm,2023-06-04,Newcastle Brown,Reading Open,15,13,214.17926913507503,1.0,0,-239.16,2,1,0,-2.44,2,1,0,-2.97216049600995
Windfarm,2023-06-04,Newcastle Brown 2,Guildford Ultimate Open,11,7,466.89332573293274,0.9733285267845752,0,370.37,4,1,0,2.24,4,1,0,3.0398290749784493
Windfarm,2023-06-04,Oxford Ultimate,Bristol Open 2,15,5,600.0,1.0,0,134.48999999999995,10,1,0,2.47,10,1,0,2.651600502755791
Windfarm,2023-06-04,PELT Ultimate,Lemmings 1,15,7,600.0,1.0,0,413.59999999999997,8,1,0,4.98,8,1,0,5.816897970171272
Windfarm,2023-06-04,PELT Ultimate,SMOG Men,15,8,564.8086448756737,1.0,0,129.92999999999995,7,1,0,1.3400000000000007,7,1,0,1.747035542343312
Windfarm,2023-06-04,Reading Open,LLLeeds Open 1,13,12,125.0,1.0,0,411.97,1,1,0,4.63,1,1,0,5.234280649104903
Windfarm,2023-06-04,Red Open,Guildford Ultimate Open,14,6,600.0,1.0,0,466.5,8,1,0,4.959999999999999,8,1,0,6.175419592428501
Windfarm,2023-06-04,Red Open,St Albans,12,11,125.0,1.0,0,-247.58000000000004,1,1,0,-2.99,1,1,0,-3.317037116826384
Windfarm,2023-06-04,SMASH'D,Ireland U24 Open,13,9,418.5661446562001,1.0,0,78.12,4,1,0,1.9100000000000001,4,1,0,2.3621772799574394
Windfarm,2023-06-04,SMASH'D,SMOG Men,13,11,228.8403622143806,1.0,0,89.05000000000001,2,1,0,1.2000000000000002,2,1,0,1.4556544792536847
Windfarm,2023-06-04,SMOG Men,Manchester Ultimate,12,11,125.0,1.0,0,259.7,1,1,0,2.7099999999999995,1,1,0,3.3184637337057907
Windfarm,2023-06-04,SOLENT,Oxford Ultimate,13,10,328.14240231865136,1.0,0,150.92000000000002,3,1,0,1.5399999999999998,3,1,0,1.9272880730151947
Windfarm,2023-06-04,SOLENT 2,SOLENT,12,10,238.1225775586291,1.0,0,-76.30000000000001,2,1,0,-1.76,2,1,0,-2.0010019563323507
Windfarm,2023-06-04,St Albans,Newcastle Brown 2,14,9,473.8676990361691,1.0,0,343.71000000000004,5,1,0,5.709999999999999,5,1,0,6.414539657890977
Windfarm,2023-06-04,Steal,Brighton Ultimate,15,14,125.0,1.0,0,-152.93,1,1,0,-2.25,1,1,0,-2.501660743108438
Windfarm,2023-06-04,Steal,Glasgow Open,10,8,262.66557693448596,0.9733285267845752,0,-10.629999999999995,2,1,0,-0.6,2,1,0,-0.46335253817395383
Windfarm,2023-06-04,Thundering Herd,Brixton,10,7,389.6652919127421,0.9459053029269173,0,256.97999999999996,3,1,0,4.47,3,1,0,4.2740941537885355
Windfarm,2023-06-04,Thundering Herd,Plymouth Ultimate Open,13,6,600.0,1.0,0,550.45,7,1,0,7.22,7,1,0,7.61186815481274
Windfarm,2023-06-04,Tribe Open,Manchester Ultimate,12,7,520.5112660164395,1.0,0,203.89999999999998,5,1,0,1.7200000000000002,5,1,0,2.0775601029882687
Regionals North,2023-07-29,Alba,Flyght Open 1,15,2,600.0,1.0,1,915.11,13,1,0,13.1,13,1,0,11.403704391098515
Regionals North,2023-07-29,Alba,Newcastle Brown,15,6,600.0,1.0,1,699.41,9,1,0,9.18,9,1,0,9.117235753589426
Regionals North,2023-07-29,Chevron Action Flash,Cambridge Ultimate,15,6,600.0,1.0,0,804.97,9,1,0,11.57,9,1,0,11.261108816312753
Regionals North,2023-07-29,Chevron Action Flash,Steal,15,3,600.0,1.0,0,854.1300000000001,12,1,0,12.450000000000001,12,1,0,11.65110448683535
Regionals North,2023-07-29,Chevron Action Flash,Yorkshire Ultimate,15,4,600.0,1.0,0,775.71,11,1,0,11.08,11,1,0,11.040722487608168
Regionals North,2023-07-29,Edinburgh Ultimate,Manchester Bees,12,11,125.0,1.0,0,215.47,1,1,0,3.09,1,1,0,3.4487289643318952
Regionals North,2023-07-29,Lemmings 1,Edinburgh Ultimate,12,6,579.3107485100336,0.9733285267845752,0,271.23,6,1,0,3.13,6,1,0,3.389713592749562
Regionals North,2023-07-29,Lemmings 1,Manchester Bees,15,4,600.0,1.0,0,486.7,11,1,0,6.22,11,1,0,6.500689732520684
Regionals North,2023-07-29,Manchester Ultimate,Edinburgh Ultimate,12,10,238.1225775586291,1.0,0,295.20000000000005,2,1,0,4.0600000000000005,2,1,0,4.331222158298697
Regionals North,2023-07-29,Manchester Ultimate,Lemmings 1,15,6,600.0,1.0,0,23.970000000000013,9,1,0,0.9300000000000002,9,1,0,1.007232034338081
Regionals North,2023-07-29,Manchester Ultimate,Manchester Bees,15,7,600.0,1.0,0,510.67,8,1,0,7.15,8,1,0,7.295612852409061
Regionals North,2023-07-29,Newcastle Brown,Flyght Open 1,15,1,600.0,1.0,0,215.70000000000002,14,1,0,3.92,14,1,0,4.250653181453437
Regionals North,2023-07-29,Steal,Cambridge Ultimate,15,7,600.0,1.0,0,-49.160000000000004,8,1,0,-0.88,8,1,0,-0.9355341209566781
Regionals North,2023-07-29,Yorkshire Ultimate,Cambridge Ultimate,14,9,473.8676990361691,1.0,0,29.259999999999998,5,1,0,0.49,5,1,0,0.49257283060397405
Regionals North,2023-07-29,Yorkshire Ultimate,Steal,10,5,573.8977938505714,0.8885233166386386,0,78.42,5,1,0,1.37,5,1,0,1.4251880480520747
Regionals South,2023-07-29,Bristol Open,Devon 1,13,7,557.5316737222639,1.0,0,392.45000000000005,6,1,0,4.9799999999999995,6,1,0,6.044051608470848
Regionals South,2023-07-29,Bristol Open,Ka-Pow!,12,5,600.0,0.9459053029269173,0,335.75000000000006,7,1,0,3.8599999999999994,7,1,0,4.798019235164311
Regionals South,2023-07-29,Bristol Open,Reading Open,12,7,520.5112660164395,1.0,0,382.55000000000007,5,1,0,4.949999999999999,5,1,0,5.681898866990235
Regionals South,2023-07-29,Bristol Open,Zimmer,13,3,600.0,1.0,1,637.48,10,1,0,7.83,10,1,0,8.150284757370788
Regionals South,2023-07-29,Clapham,Fire of London,13,2,600.0,1.0,1,755.6200000000001,11,1,0,10.34,11,1,0,10.26444843236083
Regionals South,2023-07-29,Clapham,SMASH'D,15,6,600.0,1.0,0,402.27000000000004,9,1,0,5.73,9,1,0,6.507388639646319
Regionals South,2023-07-29,Clapham,SOLENT,15,7,600.0,1.0,0,1087.25,8,1,0,14.06,8,1,0,12.125251781904343
Regionals South,2023-07-29,Devon 1,Zimmer,11,10,125.0,1.0,0,245.03,1,1,0,2.85,1,1,0,2.696622616252146
Regionals South,2023-07-29,Fire of London,SOLENT,12,11,125.0,1.0,0,331.63,1,1,0,3.7199999999999998,1,1,0,4.164279684726392
Regionals South,2023-07-29,Ka-Pow!,Devon 1,8,7,125.0,0.8885233166386386,0,56.69999999999999,1,1,0,1.12,1,1,0,1.4303904810798969
Regionals South,2023-07-29,Ka-Pow!,Zimmer,13,7,557.5316737222639,1.0,0,301.72999999999996,6,1,0,3.97,6,1,0,4.057455270248727
Regionals South,2023-07-29,Reading Open,Devon 1,11,10,125.0,1.0,0,9.900000000000006,1,1,0,0.029999999999999805,1,1,0,0.42738429196839434
Regionals South,2023-07-29,Reading Open,Ka-Pow!,10,7,389.6652919127421,0.9459053029269173,0,-46.79999999999998,3,1,0,-1.0900000000000003,3,1,0,-1.005738787758558
Regionals South,2023-07-29,Reading Open,Zimmer,12,9,345.3654772346762,1.0,0,254.93,3,1,0,2.88,3,1,0,3.108086678411844
Regionals South,2023-07-29,SMASH'D,Fire of London,13,7,557.5316737222639,1.0,0,353.35,6,1,0,4.609999999999999,6,1,0,5.343302328612424
Regionals South,2023-07-29,SMASH'D,SOLENT,15,8,564.8086448756737,1.0,0,684.98,7,1,0,8.33,7,1,0,8.651960585926773
Regionals North,2023-07-30,Alba,Manchester Ultimate,15,7,600.0,1.0,0,533.23,8,1,0,6.83,8,1,0,7.428832423118024
Regionals North,2023-07-30,Alba,Yorkshire Ultimate,15,6,600.0,1.0,1,697.67,9,1,0,9.03,9,1,0,9.249922088549166
Regionals North,2023-07-30,Cambridge Ultimate,Flyght Open 1,13,3,600.0,1.0,0,188.18,10,1,0,3.58,10,1,0,3.5940041335053934
Regionals North,2023-07-30,Cambridge Ultimate,Manchester Bees,11,8,365.60925011032475,1.0,0,316.97,3,1,0,4.46,3,1,0,4.667681132290099
Regionals North,2023-07-30,Cambridge Ultimate,Steal,9,6,418.5661446562001,0.8885233166386386,0,49.160000000000004,3,1,0,0.88,3,1,0,0.9355341209566799
Regionals North,2023-07-30,Chevron Action Flash,Alba,14,8,536.0348119187572,1.0,0,78.04000000000008,6,1,0,2.0500000000000007,6,1,0,3.2792088541980355
Regionals North,2023-07-30,Chevron Action Flash,Lemmings 1,15,4,600.0,1.0,0,635.24,11,1,0,9.81,11,1,0,10.226840209789572
Regionals North,2023-07-30,Chevron Action Flash,Newcastle Brown,15,10,453.6039151898044,1.0,0,777.45,5,1,0,11.23,5,1,0,10.942445508903006
Regionals North,2023-07-30,Edinburgh Ultimate,Cambridge Ultimate,10,9,125.0,1.0,0,-101.5,1,1,0,-1.3699999999999999,1,1,0,-1.312881970811988
Regionals North,2023-07-30,Edinburgh Ultimate,Flyght Open 1,12,5,600.0,0.9459053029269173,0,86.68,7,1,0,2.21,7,1,0,2.329984561262023
Regionals North,2023-07-30,Manchester Bees,Edinburgh Ultimate,10,9,125.0,1.0,0,-215.47,1,1,0,-3.09,1,1,0,-3.4487289643318952
Regionals North,2023-07-30,Manchester Bees,Flyght Open 1,12,4,600.0,0.9459053029269173,0,-128.79,8,1,0,-0.8799999999999999,8,1,0,-1.1601781561952382
Regionals North,2023-07-30,Manchester Ultimate,Yorkshire Ultimate,13,4,600.0,1.0,0,164.44,9,1,0,2.2,9,1,0,2.621800646781871
Regionals North,2023-07-30,Newcastle Brown,Lemmings 1,14,6,600.0,1.0,0,-142.21,8,1,0,-1.42,8,1,0,-1.423701575006822
Regionals North,2023-07-30,Newcastle Brown,Manchester Ultimate,14,12,220.95664314305532,1.0,0,-166.18,2,1,0,-2.35,2,1,0,-2.415538599925018
Regionals North,2023-07-30,Steal,Edinburgh Ultimate,10,8,262.66557693448596,0.9733285267845752,0,52.34,2,1,0,0.49,2,1,0,0.3794190493412195
Regionals North,2023-07-30,Steal,Flyght Open 1,13,3,600.0,1.0,0,139.02,10,1,0,2.7,10,1,0,2.6987998397889683
Regionals North,2023-07-30,Steal,Manchester Bees,11,6,546.6949863040446,0.9459053029269173,0,267.81,5,1,0,3.58,5,1,0,3.8060137017750684
Regionals South,2023-07-30,Bristol Open,SMASH'D,12,10,238.1225775586291,1.0,0,106.78000000000003,2,1,0,1.13,2,1,0,1.7129944772451609
Regionals South,2023-07-30,Clapham,Bristol Open,15,10,453.6039151898044,1.0,0,295.49,5,1,0,4.6000000000000005,5,1,0,5.04430284306088
Regionals South,2023-07-30,Clapham,Reading Open,15,4,600.0,1.0,1,678.0400000000001,11,1,0,9.55,11,1,0,9.514246592357555
Regionals South,2023-07-30,Devon 1,Fire of London,14,11,313.3379659704299,1.0,0,67.68,3,1,0,0.7600000000000002,3,1,0,0.9004161569089035
Regionals South,2023-07-30,Fire of London,SOLENT,15,8,564.8086448756737,1.0,0,331.63,7,1,0,3.7199999999999998,7,1,0,4.164279684726392
Regionals South,2023-07-30,Fire of London,Zimmer,13,12,125.0,1.0,0,177.35,1,1,0,2.09,1,1,0,1.81580164300982
Regionals South,2023-07-30,Ka-Pow!,Devon 1,10,8,262.66557693448596,0.9733285267845752,0,56.69999999999999,2,1,0,1.12,2,1,0,1.4303904810798969
Regionals South,2023-07-30,Ka-Pow!,SOLENT,12,4,600.0,0.9459053029269173,0,456.01,8,1,0,5.6000000000000005,8,1,0,6.215231368736987
Regionals South,2023-07-30,Reading Open,Devon 1,10,7,389.6652919127421,0.9459053029269173,0,9.900000000000006,3,1,0,0.029999999999999805,3,1,0,0.42738429196839434
Regionals South,2023-07-30,SMASH'D,Ka-Pow!,12,10,238.1225775586291,1.0,0,228.97000000000003,2,1,0,2.7299999999999995,2,1,0,3.2019896021232626
Regionals South,2023-07-30,SMASH'D,Reading Open,15,13,214.17926913507503,1.0,0,275.77,2,1,0,3.82,2,1,0,4.148354101261269
Regionals South,2023-07-30,Zimmer,SOLENT,13,10,328.14240231865136,1.0,0,154.28,3,1,0,1.6300000000000001,3,1,0,2.430147254089082
August Edition,2023-08-12,Brighton Ultimate,Curve,15,7,600.0,1.0,0,664.28,8,1,0,9.379999999999999,8,1,0,9.486399576829275
August Edition,2023-08-12,Brighton Ultimate,SOLENT,14,4,600.0,1.0,0,246.3,10,1,0,3.1,10,1,0,3.41603543897023
August Edition,2023-08-12,Brighton Ultimate,St Albans,15,4,600.0,1.0,1,686.49,11,1,0,9.27,11,1,0,9.148385882526263
August Edition,2023-08-12,Curve,Brixton,15,3,600.0,1.0,0,65.14999999999998,12,1,0,2.0,12,1,0,1.3411589042283367
August Edition,2023-08-12,Curve,St Albans,13,6,600.0,1.0,0,22.210000000000036,7,1,0,-0.10999999999999943,7,1,0,-0.5502529787683184
August Edition,2023-08-12,GB Grand Masters Open,Brixton,15,6,600.0,1.0,0,597.24,9,1,0,9.95,9,1,0,9.241551108473171
August Edition,2023-08-12,GB Grand Masters Open,SOLENT,13,11,228.8403622143806,1.0,0,114.11000000000001,2,1,0,1.6700000000000002,2,1,0,1.7233567108613528
August Edition,2023-08-12,GB Grand Masters Open,St Albans,15,8,564.8086448756737,1.0,0,554.3,7,1,0,7.84,7,1,0,7.973754710949397
August Edition,2023-08-12,SOLENT,Brixton,15,1,600.0,1.0,0,483.12999999999994,14,1,0,8.28,14,1,0,8.090904162632793
August Edition,2023-08-13,Brighton Ultimate,Brixton,15,0,600.0,1.0,1,729.43,15,1,0,11.379999999999999,15,1,0,10.248074535753698
August Edition,2023-08-13,Brighton Ultimate,GB Grand Masters Open,13,10,328.14240231865136,1.0,0,132.19,3,1,0,1.43,3,1,0,1.7381570082916014
August Edition,2023-08-13,Brixton,St Albans,9,8,125.0,0.9459053029269173,0,-42.93999999999994,1,1,0,-2.1099999999999994,1,1,0,-1.8852285287984571
August Edition,2023-08-13,GB Grand Masters Open,Curve,15,4,600.0,1.0,0,532.0899999999999,11,1,0,7.949999999999999,11,1,0,8.360965799061741
August Edition,2023-08-13,SOLENT,Curve,13,7,557.5316737222639,1.0,0,417.97999999999996,6,1,0,6.279999999999999,6,1,0,7.09176329347363
August Edition,2023-08-13,SOLENT,St Albans,15,8,564.8086448756737,1.0,0,440.19,7,1,0,6.17,7,1,0,6.6569646827572235
Nationals,2023-08-27,Alba,Newcastle Brown,15,4,600.0,1.0,1,699.41,11,1,0,9.18,11,1,0,9.117235753589426
Nationals,2023-08-27,Alba,SMASH'D,15,10,453.6039151898044,1.0,0,184.47999999999996,5,1,0,2.92,5,1,0,3.2577771634437376
Nationals,2023-08-27,Bristol Open,Dublin Frisbee 7s,15,3,600.0,1.0,0,533.59,12,1,0,7.619999999999999,12,1,0,7.731490720559908
Nationals,2023-08-27,Bristol Open,Ranelagh,15,14,125.0,1.0,0,-105.43999999999994,1,1,0,-1.6800000000000006,1,1,0,-1.653009336096721
Nationals,2023-08-27,Chevron Action Flash,Alba,15,13,214.17926913507503,1.0,0,78.04000000000008,2,1,0,2.0500000000000007,2,1,0,3.2792088541980355
Nationals,2023-08-27,Chevron Action Flash,Ka-Pow!,15,8,564.8086448756737,1.0,0,491.49000000000007,7,1,0,7.7,7,1,0,8.672455945123414
Nationals,2023-08-27,Chevron Action Flash,Reading Open,15,3,600.0,1.0,0,538.2900000000001,12,1,0,8.790000000000001,12,1,0,9.317016436206956
Nationals,2023-08-27,Clapham,Bristol Open,15,10,453.6039151898044,1.0,0,295.49,5,1,0,4.6000000000000005,5,1,0,5.04430284306088
Nationals,2023-08-27,Clapham,PELT Ultimate,15,3,600.0,1.0,0,361.3900000000001,12,1,0,5.59,12,1,0,6.266086069364146
Nationals,2023-08-27,Clapham,XVI,15,10,453.6039151898044,1.0,0,392.02000000000004,5,1,0,5.36,5,1,0,5.973531296045202
Nationals,2023-08-27,Ka-Pow!,Newcastle Brown,15,14,125.0,1.0,0,285.96,1,1,0,3.5300000000000002,1,1,0,3.925744165689167
Nationals,2023-08-27,PELT Ultimate,Dublin Frisbee 7s,14,10,398.70186369942724,1.0,0,467.68999999999994,4,1,0,6.630000000000001,4,1,0,6.634058651579416
Nationals,2023-08-27,Ranelagh,Dublin Frisbee 7s,15,6,600.0,1.0,0,639.03,9,1,0,9.3,9,1,0,8.880101365963018
Nationals,2023-08-27,Ranelagh,XVI,15,13,214.17926913507503,1.0,0,201.96999999999997,2,1,0,2.4400000000000004,2,1,0,2.7046051944642677
Nationals,2023-08-27,Reading Open,Ka-Pow!,14,13,125.0,1.0,0,-46.79999999999998,1,1,0,-1.0900000000000003,1,1,0,-1.005738787758558
Nationals,2023-08-27,SMASH'D,Newcastle Brown,15,6,600.0,1.0,0,514.9300000000001,9,1,0,6.26,9,1,0,6.750594779010203
Nationals,2023-08-27,SMASH'D,Reading Open,15,7,600.0,1.0,0,275.77,8,1,0,3.82,8,1,0,4.148354101261269
Nationals,2023-08-27,XVI,PELT Ultimate,15,12,300.4922431832018,1.0,0,-30.62999999999994,3,1,0,0.22999999999999954,3,1,0,0.3509359495085569
Nationals D2,2023-08-27,Cambridge Ultimate,Flyght Open 1,11,4,600.0,0.9176629354822471,0,188.18,7,1,0,3.58,7,1,0,3.5940041335053934
Nationals D2,2023-08-27,Cambridge Ultimate,Manchester Bees,10,8,262.66557693448596,0.9733285267845752,0,316.97,2,1,0,4.46,2,1,0,4.667681132290099
Nationals D2,2023-08-27,Devon 1,Edinburgh Ultimate,11,7,466.89332573293274,0.9733285267845752,0,358.28,4,1,0,4.12,4,1,0,4.466264977564219
Nationals D2,2023-08-27,Devon 1,SOLENT,10,5,573.8977938505714,0.8885233166386386,0,399.31,5,1,0,4.48,5,1,0,4.981677085064664
Nationals D2,2023-08-27,Devon 1,Steal,10,4,600.0,0.8583950752789521,0,305.94,6,1,0,3.63,6,1,0,4.117859560266417
Nationals D2,2023-08-27,Edinburgh Ultimate,Steal,12,11,125.0,1.0,0,-52.34,1,1,0,-0.49,1,1,0,-0.3794190493412195
Nationals D2,2023-08-27,Fire of London,Cambridge Ultimate,12,9,345.3654772346762,1.0,0,189.1,3,1,0,1.99,3,1,0,2.3680281142531356
Nationals D2,2023-08-27,Fire of London,Flyght Open 1,13,2,600.0,1.0,0,377.28,11,1,0,5.57,11,1,0,5.744735635167878
Nationals D2,2023-08-27,Fire of London,Manchester Bees,11,5,600.0,0.9176629354822471,0,506.07,6,1,0,6.449999999999999,6,1,0,6.706261891254844
Nationals D2,2023-08-27,Fire of London,Manchester Ultimate,11,10,125.0,1.0,0,-4.600000000000023,1,1,0,-0.7000000000000002,1,1,0,-0.753116218174668
Nationals D2,2023-08-27,Lemmings 1,Devon 1,9,8,125.0,0.9459053029269173,0,-87.05,1,1,0,-0.9900000000000002,1,1,0,-1.154213865679056
Nationals D2,2023-08-27,Lemmings 1,Edinburgh Ultimate,11,6,546.6949863040446,0.9459053029269173,0,271.23,5,1,0,3.13,5,1,0,3.389713592749562
Nationals D2,2023-08-27,Lemmings 1,Steal,12,9,345.3654772346762,1.0,0,218.89,3,1,0,2.6399999999999997,3,1,0,3.027600603262808
Nationals D2,2023-08-27,Manchester Bees,Flyght Open 1,9,7,279.3368557106305,0.9176629354822471,0,-128.79,2,1,0,-0.8799999999999999,2,1,0,-1.1601781561952382
Nationals D2,2023-08-27,Manchester Ultimate,Cambridge Ultimate,13,3,600.0,1.0,0,193.70000000000002,10,1,0,2.69,10,1,0,3.096599987591393
Nationals D2,2023-08-27,Manchester Ultimate,Flyght Open 1,13,3,600.0,1.0,0,381.88,10,1,0,6.27,10,1,0,6.37526392705383
Nationals D2,2023-08-27,Manchester Ultimate,Manchester Bees,11,4,600.0,0.9176629354822471,0,510.67,7,1,0,7.15,7,1,0,7.295612852409061
Nationals D2,2023-08-27,SOLENT,Edinburgh Ultimate,11,8,365.60925011032475,1.0,0,-41.03,3,1,0,-0.3600000000000001,3,1,0,-0.5719725396858006
Nationals D2,2023-08-27,SOLENT,Lemmings 1,9,8,125.0,0.9459053029269173,0,-312.26,1,1,0,-3.49,1,1,0,-3.9278399687250403
Nationals D2,2023-08-27,Steal,SOLENT,12,9,345.3654772346762,1.0,0,93.37,3,1,0,0.8500000000000001,3,1,0,0.9504748358671034
Nationals,2023-08-28,Alba,Ranelagh,15,14,125.0,1.0,0,-27.74000000000001,1,1,0,0.10999999999999943,1,1,0,-0.06974949728122226
Nationals,2023-08-28,Alba,SMASH'D,15,5,600.0,1.0,0,184.47999999999996,10,1,0,2.92,10,1,0,3.2577771634437376
Nationals,2023-08-28,Bristol Open,XVI,14,9,473.8676990361691,1.0,0,96.53000000000003,5,1,0,0.7599999999999998,5,1,0,1.0729146127697469
Nationals,2023-08-28,Chevron Action Flash,Clapham,12,11,125.0,1.0,0,-139.75,1,1,0,-0.7599999999999998,1,1,0,-0.3254489180565674
Nationals,2023-08-28,Dublin Frisbee 7s,Reading Open,14,13,125.0,1.0,0,-151.04000000000002,1,1,0,-2.67,1,1,0,-2.5468438549185546
Nationals,2023-08-28,Ka-Pow!,Dublin Frisbee 7s,15,9,515.4814780292847,1.0,0,197.83999999999997,6,1,0,3.7600000000000002,6,1,0,3.5125943374917092
Nationals,2023-08-28,Newcastle Brown,Ka-Pow!,13,12,125.0,1.0,0,-285.96,1,1,0,-3.5300000000000002,1,1,0,-3.925744165689169
Nationals,2023-08-28,Newcastle Brown,Reading Open,13,12,125.0,1.0,0,-239.16,1,1,0,-2.44,1,1,0,-2.97216049600995
Nationals,2023-08-28,PELT Ultimate,Reading Open,15,10,453.6039151898044,1.0,0,316.65,5,1,0,3.9600000000000004,5,1,0,4.419054598692508
Nationals,2023-08-28,PELT Ultimate,XVI,12,11,125.0,1.0,0,30.62999999999994,1,1,0,-0.22999999999999954,1,1,0,-0.35093594950856044
Nationals,2023-08-28,Ranelagh,Bristol Open,15,9,515.4814780292847,1.0,0,105.43999999999994,6,1,0,1.6800000000000006,6,1,0,1.6530093360967228
Nationals,2023-08-28,SMASH'D,Bristol Open,11,9,249.2068104043629,1.0,0,-106.78000000000003,2,1,0,-1.13,2,1,0,-1.712994477245159
Nationals,2023-08-28,XVI,Ka-Pow!,15,10,453.6039151898044,1.0,0,239.22000000000003,5,1,0,3.0999999999999996,5,1,0,3.8123284081241167
Nationals D2,2023-08-28,Devon 1,Cambridge Ultimate,15,10,453.6039151898044,1.0,0,256.78,5,1,0,2.75,5,1,0,3.237761647743163
Nationals D2,2023-08-28,Devon 1,Fire of London,11,10,125.0,1.0,0,67.68,1,1,0,0.7600000000000002,1,1,0,0.9004161569089035
Nationals D2,2023-08-28,Devon 1,Lemmings 1,12,9,345.3654772346762,1.0,0,87.05,3,1,0,0.9900000000000002,3,1,0,1.1542138656790542
Nationals D2,2023-08-28,Edinburgh Ultimate,Cambridge Ultimate,14,8,536.0348119187572,1.0,0,-101.5,6,1,0,-1.3699999999999999,6,1,0,-1.312881970811988
Nationals D2,2023-08-28,Edinburgh Ultimate,Flyght Open 1,15,5,600.0,1.0,0,86.68,10,1,0,2.21,10,1,0,2.329984561262023
Nationals D2,2023-08-28,Edinburgh Ultimate,Steal,14,8,536.0348119187572,1.0,0,-52.34,6,1,0,-0.49,6,1,0,-0.3794190493412195
Nationals D2,2023-08-28,Fire of London,Manchester Ultimate,9,7,279.3368557106305,0.9176629354822471,0,-4.600000000000023,2,1,0,-0.7000000000000002,2,1,0,-0.753116218174668
Nationals D2,2023-08-28,Lemmings 1,Manchester Ultimate,11,6,546.6949863040446,0.9459053029269173,0,-23.970000000000013,5,1,0,-0.9300000000000002,5,1,0,-1.0072320343380792
Nationals D2,2023-08-28,Manchester Bees,Flyght Open 1,13,10,328.14240231865136,1.0,0,-128.79,3,1,0,-0.8799999999999999,3,1,0,-1.1601781561952382
Nationals D2,2023-08-28,Manchester Ultimate,SOLENT,15,5,600.0,1.0,0,336.23,10,1,0,4.42,10,1,0,4.849796495677705
Nationals D2,2023-08-28,SOLENT,Cambridge Ultimate,15,6,600.0,1.0,0,-142.53,9,1,0,-1.73,9,1,0,-1.8785847760953196
Nationals D2,2023-08-28,Steal,Manchester Bees,12,7,520.5112660164395,1.0,0,267.81,5,1,0,3.58,5,1,0,3.8060137017750684
Nationals D2,2023-08-28,Steal,SOLENT,12,8,441.15462425988915,1.0,0,93.37,4,1,0,0.8500000000000001,4,1,0,0.9504748358671034
