Tournament,Date,Team_1,Team_2,Score_1,Score_2,Division
Mixed Imperial 2024,2024-03-23,Reading,Black Sheep,10,8,mixed
Mixed Imperial 2024,2024-03-23,Flyght Mixed,Curve,13,7,mixed
Mixed Imperial 2024,2024-03-23,Sheffield Steal,Mamak,15,3,mixed
Mixed Imperial 2024,2024-03-23,Zoo 1,Bermondsey Bombers,2,15,mixed
Mixed Imperial 2024,2024-03-23,LLLeeds Mixed 1,SOLENT White,6,9,mixed
Mixed Imperial 2024,2024-03-23,Contested 1st,Muntjacs Ultimate,14,7,mixed
Mixed Imperial 2024,2024-03-23,Deep Space,Thundering Herd 1,10,5,mixed
Mixed Imperial 2024,2024-03-23,GB Mixed Red,Lemmings 2,11,6,mixed
Mixed Imperial 2024,2024-03-23,GB Mixed Blue,BN1,13,1,mixed
Mixed Imperial 2024,2024-03-23,Lemmings 1,Oxford Ultimate,11,5,mixed
Mixed Imperial 2024,2024-03-23,LLLeeds Mixed 1,Bermondsey Bombers,8,4,mixed
Mixed Imperial 2024,2024-03-23,Zoo 1,SOLENT White,1,10,mixed
Mixed Imperial 2024,2024-03-23,Cambridge Ultimate,SOLENT Blue,6,14,mixed
Mixed Imperial 2024,2024-03-23,Bristol Mixed,Brixton,8,5,mixed
Mixed Imperial 2024,2024-03-23,Thundering Herd 1,Lemmings 2,5,12,mixed
Mixed Imperial 2024,2024-03-23,Deep Space,GB Mixed Red,8,11,mixed
Mixed Imperial 2024,2024-03-23,GB Mixed Blue,Lemmings 1,15,5,mixed
Mixed Imperial 2024,2024-03-23,BN1,Oxford Ultimate,11,4,mixed
Mixed Imperial 2024,2024-03-23,Reading,Contested 1st,5,15,mixed
Mixed Imperial 2024,2024-03-23,Black Sheep,Muntjacs Ultimate,3,11,mixed
Mixed Imperial 2024,2024-03-23,Curve,Mamak,13,5,mixed
Mixed Imperial 2024,2024-03-23,Flyght Mixed,Sheffield Steal,5,8,mixed
Mixed Imperial 2024,2024-03-23,Bermondsey Bombers,SOLENT White,9,8,mixed
Mixed Imperial 2024,2024-03-23,Zoo 1,LLLeeds Mixed 1,4,11,mixed
Mixed Imperial 2024,2024-03-23,SOLENT Blue,Brixton,12,8,mixed
Mixed Imperial 2024,2024-03-23,Cambridge Ultimate,Bristol Mixed,3,15,mixed
Mixed Imperial 2024,2024-03-23,Contested 1st,Black Sheep,15,6,mixed
Mixed Imperial 2024,2024-03-23,Reading,Muntjacs Ultimate,6,12,mixed
Mixed Imperial 2024,2024-03-23,Sheffield Steal,Curve,9,5,mixed
Mixed Imperial 2024,2024-03-23,Flyght Mixed,Mamak,14,3,mixed
Mixed Imperial 2024,2024-03-23,Lemmings 1,BN1,10,9,mixed
Mixed Imperial 2024,2024-03-23,Bristol Mixed,SOLENT Blue,7,8,mixed
Mixed Imperial 2024,2024-03-23,Cambridge Ultimate,Brixton,6,13,mixed
Mixed Imperial 2024,2024-03-23,GB Mixed Red,Thundering Herd 1,15,5,mixed
Mixed Imperial 2024,2024-03-23,Deep Space,Lemmings 2,13,6,mixed
Mixed Imperial 2024,2024-03-23,GB Mixed Blue,Oxford Ultimate,15,4,mixed
Mixed Imperial 2024,2024-03-24,BN1,SOLENT Blue,11,3,mixed
Mixed Imperial 2024,2024-03-24,Lemmings 2,SOLENT White,13,6,mixed
Mixed Imperial 2024,2024-03-24,Oxford Ultimate,Sheffield Steal,6,13,mixed
Mixed Imperial 2024,2024-03-24,Thundering Herd 1,Contested 1st,12,13,mixed
Mixed Imperial 2024,2024-03-24,LLLeeds Mixed 1,Brixton,8,7,mixed
Mixed Imperial 2024,2024-03-24,Flyght Mixed,Reading,10,2,mixed
Mixed Imperial 2024,2024-03-24,Bristol Mixed,Bermondsey Bombers,10,9,mixed
Mixed Imperial 2024,2024-03-24,Muntjacs Ultimate,Curve,7,9,mixed
Mixed Imperial 2024,2024-03-24,GB Mixed Blue,Deep Space,15,5,mixed
Mixed Imperial 2024,2024-03-24,GB Mixed Red,Lemmings 1,15,11,mixed
Mixed Imperial 2024,2024-03-24,Cambridge Ultimate,Black Sheep,11,10,mixed
Mixed Imperial 2024,2024-03-24,Zoo 1,Mamak,3,11,mixed
Mixed Imperial 2024,2024-03-24,Reading,Brixton,12,5,mixed
Mixed Imperial 2024,2024-03-24,LLLeeds Mixed 1,Flyght Mixed,5,12,mixed
Mixed Imperial 2024,2024-03-24,Muntjacs Ultimate,Bermondsey Bombers,5,12,mixed
Mixed Imperial 2024,2024-03-24,Bristol Mixed,Curve,12,9,mixed
Mixed Imperial 2024,2024-03-24,BN1,Contested 1st,11,5,mixed
Mixed Imperial 2024,2024-03-24,Thundering Herd 1,SOLENT Blue,10,9,mixed
Mixed Imperial 2024,2024-03-24,Oxford Ultimate,SOLENT White,10,11,mixed
Mixed Imperial 2024,2024-03-24,Lemmings 2,Sheffield Steal,15,7,mixed
Mixed Imperial 2024,2024-03-24,GB Mixed Red,GB Mixed Blue,14,15,mixed
Mixed Imperial 2024,2024-03-24,Deep Space,Lemmings 1,15,11,mixed
Mixed Imperial 2024,2024-03-24,Cambridge Ultimate,Mamak,15,8,mixed
Mixed Imperial 2024,2024-03-24,Zoo 1,Black Sheep,2,15,mixed
Mixed Imperial 2024,2024-03-24,Bristol Mixed,Flyght Mixed,12,7,mixed
Mixed Imperial 2024,2024-03-24,Brixton,Muntjacs Ultimate,12,4,mixed
Mixed Imperial 2024,2024-03-24,Bermondsey Bombers,Reading,11,5,mixed
Mixed Imperial 2024,2024-03-24,LLLeeds Mixed 1,Curve,4,11,mixed
Mixed Imperial 2024,2024-03-24,BN1,Lemmings 2,8,13,mixed
Mixed Imperial 2024,2024-03-24,Sheffield Steal,Contested 1st,14,9,mixed
Mixed Imperial 2024,2024-03-24,Thundering Herd 1,SOLENT White,15,7,mixed
Mixed Imperial 2024,2024-03-24,Oxford Ultimate,SOLENT Blue,6,13,mixed
Uni Fans 2024,2024-04-13,Newcastle Brown,Zoo,10,7,mixed
Uni Fans 2024,2024-04-13,Big Fish Little Fish,Black Sheep,10,8,mixed
Uni Fans 2024,2024-04-13,Contested 1,Flyght Mixed,8,9,mixed
Uni Fans 2024,2024-04-13,Lemmings 1,SOLENT,13,4,mixed
Uni Fans 2024,2024-04-13,Brixton,Flyght Mixed 2,8,7,mixed
Uni Fans 2024,2024-04-13,Thundering Herd 1,Bristol Mixed,13,7,mixed
Uni Fans 2024,2024-04-13,Sheffield Steal,Heck,8,9,mixed
Uni Fans 2024,2024-04-13,LLLeeds,Thundering Herd 2,4,8,mixed
Uni Fans 2024,2024-04-13,Big Fish Little Fish,Newcastle Brown,6,10,mixed
Uni Fans 2024,2024-04-13,Lemmings 1,Flyght Mixed,12,7,mixed
Uni Fans 2024,2024-04-13,Contested 1,SOLENT,5,9,mixed
Uni Fans 2024,2024-04-13,Black Sheep,Zoo,10,4,mixed
Uni Fans 2024,2024-04-13,Sheffield Steal,Bristol Mixed,5,11,mixed
Uni Fans 2024,2024-04-13,LLLeeds,Brixton,8,4,mixed
Uni Fans 2024,2024-04-13,Thundering Herd 2,Flyght Mixed 2,4,7,mixed
Uni Fans 2024,2024-04-13,Thundering Herd 1,Heck,6,7,mixed
Uni Fans 2024,2024-04-13,Big Fish Little Fish,Zoo,8,3,mixed
Uni Fans 2024,2024-04-13,Lemmings 1,Contested 1,13,5,mixed
Uni Fans 2024,2024-04-13,SOLENT,Flyght Mixed,9,10,mixed
Uni Fans 2024,2024-04-13,Newcastle Brown,Black Sheep,12,7,mixed
Uni Fans 2024,2024-04-13,Sheffield Steal,Thundering Herd 1,7,10,mixed
Uni Fans 2024,2024-04-13,LLLeeds,Flyght Mixed 2,5,8,mixed
Uni Fans 2024,2024-04-13,Brixton,Thundering Herd 2,9,5,mixed
Uni Fans 2024,2024-04-13,Heck,Bristol Mixed,7,5,mixed
Uni Fans 2024,2024-04-14,Black Sheep,LLLeeds,11,15,mixed
Uni Fans 2024,2024-04-14,Thundering Herd 2,Zoo,11,7,mixed
Uni Fans 2024,2024-04-14,Lemmings 1,Thundering Herd 1,12,11,mixed
Uni Fans 2024,2024-04-14,Heck,Flyght Mixed,7,12,mixed
Uni Fans 2024,2024-04-14,SOLENT,Flyght Mixed 2,9,8,mixed
Uni Fans 2024,2024-04-14,Contested 1,Brixton,9,10,mixed
Uni Fans 2024,2024-04-14,Bristol Mixed,Big Fish Little Fish,12,4,mixed
Uni Fans 2024,2024-04-14,Sheffield Steal,Newcastle Brown,8,7,mixed
Uni Fans 2024,2024-04-14,LLLeeds,Thundering Herd 2,8,7,mixed
Uni Fans 2024,2024-04-14,Zoo,Black Sheep,12,10,mixed
Uni Fans 2024,2024-04-14,Contested 1,Big Fish Little Fish,9,8,mixed
Uni Fans 2024,2024-04-14,Bristol Mixed,Brixton,13,4,mixed
Uni Fans 2024,2024-04-14,SOLENT,Sheffield Steal,9,6,mixed
Uni Fans 2024,2024-04-14,Newcastle Brown,Flyght Mixed 2,10,7,mixed
Uni Fans 2024,2024-04-14,Lemmings 1,Flyght Mixed,10,8,mixed
Uni Fans 2024,2024-04-14,Heck,Thundering Herd 1,8,13,mixed
Uni Fans 2024,2024-04-14,Bristol Mixed,SOLENT,9,12,mixed
Uni Fans 2024,2024-04-14,Contested 1,Newcastle Brown,10,11,mixed
Uni Fans 2024,2024-04-14,Flyght Mixed 2,Big Fish Little Fish,9,8,mixed
Uni Fans 2024,2024-04-14,Sheffield Steal,Brixton,6,8,mixed
Spring Startup 2024,2024-04-20,Brixton,Kestrels,12,6,women
Spring Startup 2024,2024-04-20,GB U20,Chameleons,13,2,women
Spring Startup 2024,2024-04-20,GB U20,Kestrels,11,9,women
Spring Startup 2024,2024-04-20,Brixton,Chameleons,11,8,women
Spring Startup 2024,2024-04-20,GB U20,Brixton,13,7,women
Spring Startup 2024,2024-04-20,Chameleons,Kestrels,6,12,women
Spring Startup 2024,2024-04-20,SOLENT 2,Brixton,13,7,open
Spring Startup 2024,2024-04-20,Brighton Ultimate,Zimmer,5,13,open
Spring Startup 2024,2024-04-20,Reading 1,SOLENT 1,9,14,open
Spring Startup 2024,2024-04-20,Bristol Open,Fire of London,13,5,open
Spring Startup 2024,2024-03-23,Devon,Manchester Ultimate,9,13,open
Spring Startup 2024,2024-03-23,Ka-Pow!,Lemmings 1,10,13,open
Spring Startup 2024,2024-04-20,SOLENT 2,Bristol Open 2,8,9,open
Spring Startup 2024,2024-04-20,Brighton Ultimate,Brixton,3,12,open
Spring Startup 2024,2024-04-20,Cambridge Ultimate,DED,15,13,open
Spring Startup 2024,2024-04-20,LLLeeds 1,Brizzle,15,5,open
Spring Startup 2024,2024-04-20,Ka-Pow!,Devon,15,6,open
Spring Startup 2024,2024-04-20,Lemmings 1,Manchester Ultimate,15,6,open
Spring Startup 2024,2024-04-20,Zimmer,Bristol Open 2,11,10,open
Spring Startup 2024,2024-04-20,LLLeeds 1,Cambridge Ultimate,13,12,open
Spring Startup 2024,2024-04-20,Brizzle,DED,13,15,open
Spring Startup 2024,2024-04-20,Bristol Open,SOLENT 1,10,11,open
Spring Startup 2024,2024-04-20,Reading 1,Fire of London,15,9,open
Spring Startup 2024,2024-04-20,Brighton Ultimate,SOLENT 2,0,13,open
Spring Startup 2024,2024-04-20,Ka-Pow!,Manchester Ultimate,15,7,open
Spring Startup 2024,2024-04-20,Devon,Lemmings 1,6,15,open
Spring Startup 2024,2024-04-20,Bristol Open,Reading 1,15,10,open
Spring Startup 2024,2024-04-20,Fire of London,SOLENT 1,9,11,open
Spring Startup 2024,2024-04-20,Brighton Ultimate,Bristol Open 2,3,13,open
Spring Startup 2024,2024-04-20,Zimmer,Brixton,11,9,open
Spring Startup 2024,2024-04-20,LLLeeds 1,DED,15,8,open
Spring Startup 2024,2024-04-20,Cambridge Ultimate,Brizzle,15,10,open
Spring Startup 2024,2024-04-20,Bristol Open 2,Brixton,12,5,open
Spring Startup 2024,2024-04-20,SOLENT 2,Zimmer,11,8,open
Spring Startup 2024,2024-04-21,DED,Brighton Ultimate,9,5,open
Spring Startup 2024,2024-04-21,Zimmer,Brizzle,10,11,open
Spring Startup 2024,2024-04-21,Devon,SOLENT 2,9,11,open
Spring Startup 2024,2024-04-21,Reading 1,Cambridge Ultimate,14,12,open
Spring Startup 2024,2024-04-21,Manchester Ultimate,Bristol Open 2,11,15,open
Spring Startup 2024,2024-04-21,Fire of London,LLLeeds 1,8,12,open
Spring Startup 2024,2024-04-21,DED,Brixton,7,11,open
Spring Startup 2024,2024-04-21,Zimmer,Brighton Ultimate,13,3,open
Spring Startup 2024,2024-04-21,SOLENT 1,Ka-Pow!,12,15,open
Spring Startup 2024,2024-04-21,Lemmings 1,Bristol Open,15,10,open
Spring Startup 2024,2024-04-21,Devon,Cambridge Ultimate,7,12,open
Spring Startup 2024,2024-04-21,Fire of London,Manchester Ultimate,9,8,open
Spring Startup 2024,2024-04-21,Brizzle,Brixton,9,8,open
Spring Startup 2024,2024-04-21,Bristol Open 2,LLLeeds 1,9,15,open
Spring Startup 2024,2024-04-21,Reading 1,SOLENT 2,15,7,open
Spring Startup 2024,2024-04-21,Zimmer,DED,8,13,open
Spring Startup 2024,2024-04-21,Ka-Pow!,Lemmings 1,10,15,open
Spring Startup 2024,2024-04-21,Bristol Open,SOLENT 1,14,15,open
Spring Startup 2024,2024-04-21,Fire of London,Cambridge Ultimate,15,8,open
Spring Startup 2024,2024-04-21,Devon,Manchester Ultimate,10,12,open
Spring Startup 2024,2024-04-21,Brixton,Brighton Ultimate,11,4,open
Spring Startup 2024,2024-04-21,DED,Brizzle,13,8,open
Spring Startup 2024,2024-04-21,LLLeeds 1,Reading 1,10,15,open
Spring Startup 2024,2024-04-21,SOLENT 2,Bristol Open 2,5,15,open
Spring Startup 2024,2024-04-21,Zimmer,Brixton,11,6,open
Spring Startup 2024,2024-04-21,Brizzle,Brighton Ultimate,13,5,open
Manchester Mayhem 2024,2024-05-11,Red,Black Sheep's Front,7,14,mixed
Manchester Mayhem 2024,2024-05-11,LLLeeds Mixed,Muntjacs Ultimate,13,11,mixed
Manchester Mayhem 2024,2024-05-11,Tribe,GUXYZ,14,9,mixed
Manchester Mayhem 2024,2024-05-11,Flyght Mixed,Newcastle Brown,13,12,mixed
Manchester Mayhem 2024,2024-05-11,Muntjacs Ultimate,Black Sheep's Front,12,8,mixed
Manchester Mayhem 2024,2024-05-11,LLLeeds Mixed,Red,15,5,mixed
Manchester Mayhem 2024,2024-05-11,Big Fish Little Fish,Mamak Ultimate,13,9,mixed
Manchester Mayhem 2024,2024-05-11,Curve,Black Sheep's Back,6,14,mixed
Manchester Mayhem 2024,2024-05-11,Rebel Ultimate,Contested 1,15,6,mixed
Manchester Mayhem 2024,2024-05-11,Heck,Sheffield Steal,9,12,mixed
Manchester Mayhem 2024,2024-05-11,Flyght Mixed,GUXYZ,13,12,mixed
Manchester Mayhem 2024,2024-05-11,Tribe,Newcastle Brown,15,4,mixed
Manchester Mayhem 2024,2024-05-11,Curve,Big Fish Little Fish,3,14,mixed
Manchester Mayhem 2024,2024-05-11,Black Sheep's Back,Mamak Ultimate,9,12,mixed
Manchester Mayhem 2024,2024-05-11,Heck,Rebel Ultimate,8,13,mixed
Manchester Mayhem 2024,2024-05-11,Sheffield Steal,Contested 1,15,10,mixed
Manchester Mayhem 2024,2024-05-11,Flyght Mixed,Tribe,6,13,mixed
Manchester Mayhem 2024,2024-05-11,Newcastle Brown,GUXYZ,12,11,mixed
Manchester Mayhem 2024,2024-05-11,LLLeeds Mixed,Black Sheep's Front,13,10,mixed
Manchester Mayhem 2024,2024-05-11,Red,Muntjacs Ultimate,3,10,mixed
Manchester Mayhem 2024,2024-05-11,Curve,Mamak Ultimate,9,12,mixed
Manchester Mayhem 2024,2024-05-11,Big Fish Little Fish,Black Sheep's Back,15,6,mixed
Manchester Mayhem 2024,2024-05-11,Heck,Contested 1,10,12,mixed
Manchester Mayhem 2024,2024-05-11,Rebel Ultimate,Sheffield Steal,12,9,mixed
Manchester Mayhem 2024,2024-05-12,Heck,LLLeeds Mixed,13,12,mixed
Manchester Mayhem 2024,2024-05-12,GUXYZ,Big Fish Little Fish,9,11,mixed
Manchester Mayhem 2024,2024-05-12,Newcastle Brown,Mamak Ultimate,9,8,mixed
Manchester Mayhem 2024,2024-05-12,Contested 1,Muntjacs Ultimate,13,9,mixed
Manchester Mayhem 2024,2024-05-12,Black Sheep's Front,Curve,15,5,mixed
Manchester Mayhem 2024,2024-05-12,Black Sheep's Back,Red,11,10,mixed
Manchester Mayhem 2024,2024-05-12,LLLeeds Mixed,Mamak Ultimate,12,6,mixed
Manchester Mayhem 2024,2024-05-12,GUXYZ,Muntjacs Ultimate,11,10,mixed
Manchester Mayhem 2024,2024-05-12,Tribe,Sheffield Steal,10,15,mixed
Manchester Mayhem 2024,2024-05-12,Rebel Ultimate,Flyght Mixed,15,12,mixed
Manchester Mayhem 2024,2024-05-12,Contested 1,Big Fish Little Fish,13,9,mixed
Manchester Mayhem 2024,2024-05-12,Newcastle Brown,Heck,4,15,mixed
Manchester Mayhem 2024,2024-05-12,Black Sheep's Front,Black Sheep's Back,12,15,mixed
Manchester Mayhem 2024,2024-05-12,Red,Curve,15,5,mixed
Manchester Mayhem 2024,2024-05-12,Contested 1,Heck,7,10,mixed
Manchester Mayhem 2024,2024-05-12,Newcastle Brown,Big Fish Little Fish,13,10,mixed
Manchester Mayhem 2024,2024-05-12,Sheffield Steal,Rebel Ultimate,12,15,mixed
Manchester Mayhem 2024,2024-05-12,Flyght Mixed,Tribe,12,15,mixed
Manchester Mayhem 2024,2024-05-12,GUXYZ,LLLeeds Mixed,9,11,mixed
Manchester Mayhem 2024,2024-05-12,Mamak Ultimate,Muntjacs Ultimate,3,13,mixed
Moooxed 2024,2024-05-11,SOLENT White,Zoo,15,5,mixed
Moooxed 2024,2024-05-11,Thundering Herd 1,Bristol Mixed,15,2,mixed
Moooxed 2024,2024-05-11,SOLENT Blue,Thundering Herd 2,14,8,mixed
Moooxed 2024,2024-05-11,BN1,Brixton,15,3,mixed
Moooxed 2024,2024-05-11,Bristol Mixed,Zoo,14,5,mixed
Moooxed 2024,2024-05-11,Thundering Herd 1,SOLENT White,14,6,mixed
Moooxed 2024,2024-05-11,BN1,SOLENT Blue,15,5,mixed
Moooxed 2024,2024-05-11,Brixton,Thundering Herd 2,9,10,mixed
Moooxed 2024,2024-05-11,BN1,Thundering Herd 2,15,8,mixed
Moooxed 2024,2024-05-11,SOLENT Blue,Brixton,10,6,mixed
Moooxed 2024,2024-05-11,SOLENT White,Bristol Mixed,15,9,mixed
Moooxed 2024,2024-05-11,Thundering Herd 1,Zoo,15,6,mixed
Moooxed 2024,2024-05-12,Bristol Mixed,Brixton,12,11,mixed
Moooxed 2024,2024-05-12,Thundering Herd 2,Zoo,12,8,mixed
Moooxed 2024,2024-05-12,BN1,SOLENT White,15,7,mixed
Moooxed 2024,2024-05-12,Thundering Herd 1,SOLENT Blue,15,8,mixed
Moooxed 2024,2024-05-12,BN1,Thundering Herd 1,15,7,mixed
Moooxed 2024,2024-05-12,SOLENT Blue,SOLENT White,15,8,mixed
Moooxed 2024,2024-05-12,Bristol Mixed,Thundering Herd 2,15,14,mixed
Moooxed 2024,2024-05-12,Zoo,Brixton,7,15,mixed
Windfarm 2024,2024-05-25,Bristol Open,Newcastle Brown,15,9,open
Windfarm 2024,2024-05-25,Lemmings 1,SMOG Open,12,15,open
Windfarm 2024,2024-05-25,SYC,Lemmings,9,15,women
Windfarm 2024,2024-05-25,Itheni,SMOG Women,8,12,women
Windfarm 2024,2024-05-25,GB Masters Women,Spice,14,10,women
Windfarm 2024,2024-05-25,Bristol Women,Masterclass,14,10,women
Windfarm 2024,2024-05-25,Manchester Ultimate,Curve,15,5,open
Windfarm 2024,2024-05-25,LLLeeds 1,Sheffield Steal 1,15,6,open
Windfarm 2024,2024-05-25,Frothing,Rebel Ultimate,15,5,open
Windfarm 2024,2024-05-25,GB Open Masters,Ka-Pow!,11,10,open
Windfarm 2024,2024-05-25,Fire of London,Lemmings 2,14,15,open
Windfarm 2024,2024-05-25,Cambridge Ultimate Open,Birmingham Ultimate,15,3,open
Windfarm 2024,2024-05-25,Chameleons,Kestrels,7,10,women
Windfarm 2024,2024-05-25,Flyght Open,Brighton Ultimate Open,8,10,open
Windfarm 2024,2024-05-25,SOLENT Open 1,South Wales Storm,13,0,open
Windfarm 2024,2024-05-25,Brixton,Red Leicester,13,4,open
Windfarm 2024,2024-05-25,Reading 2,Brizzle,13,8,open
Windfarm 2024,2024-05-25,Newcastle Brown,Eclipse,13,2,women
Windfarm 2024,2024-05-25,Ranelagh 1,Newcastle Brown,15,7,open
Windfarm 2024,2024-05-25,Alba,SMOG Open,11,15,open
Windfarm 2024,2024-05-25,Itheni,SYC,9,7,women
Windfarm 2024,2024-05-25,SMOG Women,Lemmings,11,13,women
Windfarm 2024,2024-05-25,Brixton,Sheffield Steal,6,7,women
Windfarm 2024,2024-05-25,Horizon,FRed,15,1,women
Windfarm 2024,2024-05-25,LLLeeds 1,Curve,15,2,open
Windfarm 2024,2024-05-25,Manchester Ultimate,Sheffield Steal 1,15,6,open
Windfarm 2024,2024-05-25,XVI,Rebel Ultimate,15,6,open
Windfarm 2024,2024-05-25,SMASH'D,Ka-Pow!,15,9,open
Windfarm 2024,2024-05-25,Cambridge Ultimate Open,Lemmings 2,12,11,open
Windfarm 2024,2024-05-25,Fire of London,Birmingham Ultimate,12,6,open
Windfarm 2024,2024-05-25,Kestrels,Eclipse,13,1,women
Windfarm 2024,2024-05-25,Flyght Open,South Wales Storm,13,5,open
Windfarm 2024,2024-05-25,SOLENT Open 1,DED,8,10,open
Windfarm 2024,2024-05-25,GB U20 Open,Brixton,13,2,open
Windfarm 2024,2024-05-25,Brizzle,Red Leicester,11,3,open
Windfarm 2024,2024-05-25,GB U20 Women,Newcastle Brown,11,2,women
Windfarm 2024,2024-05-25,Bristol Open,Ranelagh 1,15,12,open
Windfarm 2024,2024-05-25,Lemmings 1,Alba,9,13,open
Windfarm 2024,2024-05-25,Bristol Women,Spice,14,11,women
Windfarm 2024,2024-05-25,GB Masters Women,Masterclass,13,9,women
Windfarm 2024,2024-05-25,Horizon,Brixton,15,3,women
Windfarm 2024,2024-05-25,FRed,Sheffield Steal,13,3,women
Windfarm 2024,2024-05-25,Frothing,XVI,15,11,open
Windfarm 2024,2024-05-25,GB Open Masters,SMASH'D,14,9,open
Windfarm 2024,2024-05-25,DED,Brighton Ultimate Open,13,8,open
Windfarm 2024,2024-05-25,GB U20 Open,Reading 2,10,9,open
Windfarm 2024,2024-05-25,GB U20 Women,Chameleons,13,0,women
Windfarm 2024,2024-05-25,Bristol Women,GB Masters Women,10,12,women
Windfarm 2024,2024-05-25,Masterclass,Spice,10,9,women
Windfarm 2024,2024-05-25,Itheni,Lemmings,8,7,women
Windfarm 2024,2024-05-25,SYC,SMOG Women,9,7,women
Windfarm 2024,2024-05-25,Sheffield Steal 1,Curve,14,10,open
Windfarm 2024,2024-05-25,LLLeeds 1,Manchester Ultimate,8,10,open
Windfarm 2024,2024-05-25,Fire of London,Cambridge Ultimate Open,10,15,open
Windfarm 2024,2024-05-25,Lemmings 2,Birmingham Ultimate,15,8,open
Windfarm 2024,2024-05-25,SOLENT Open 1,Flyght Open,13,6,open
Windfarm 2024,2024-05-25,Brizzle,Brixton,8,6,open
Windfarm 2024,2024-05-25,Kestrels,Newcastle Brown,9,6,women
Windfarm 2024,2024-05-25,GB Open Masters,XVI,15,7,open
Windfarm 2024,2024-05-25,Frothing,SMASH'D,15,5,open
Windfarm 2024,2024-05-25,Horizon,Sheffield Steal,15,0,women
Windfarm 2024,2024-05-25,Brixton,FRed,9,6,women
Windfarm 2024,2024-05-25,Rebel Ultimate,Ka-Pow!,10,15,open
Windfarm 2024,2024-05-25,Lemmings 1,Newcastle Brown,14,9,open
Windfarm 2024,2024-05-25,SMOG Open,Ranelagh 1,11,15,open
Windfarm 2024,2024-05-25,Bristol Open,Alba,14,13,open
Windfarm 2024,2024-05-25,GB U20 Women,Eclipse,13,1,women
Windfarm 2024,2024-05-25,DED,South Wales Storm,13,1,open
Windfarm 2024,2024-05-25,SOLENT Open 1,Brighton Ultimate Open,13,8,open
Windfarm 2024,2024-05-25,GB U20 Open,Red Leicester,13,2,open
Windfarm 2024,2024-05-25,Reading 2,Brixton,11,4,open
Windfarm 2024,2024-05-25,Chameleons,Newcastle Brown,3,12,women
Windfarm 2024,2024-05-25,GB U20 Women,Kestrels,10,3,women
Windfarm 2024,2024-05-25,Flyght Open,DED,2,13,open
Windfarm 2024,2024-05-25,Brighton Ultimate Open,South Wales Storm,13,0,open
Windfarm 2024,2024-05-25,Reading 2,Red Leicester,12,6,open
Windfarm 2024,2024-05-25,GB U20 Open,Brizzle,11,4,open
Windfarm 2024,2024-05-25,Chameleons,Eclipse,9,2,women
Windfarm 2024,2024-05-26,GB Open Masters,Ranelagh 1,15,12,open
Windfarm 2024,2024-05-26,Bristol Open,Frothing,8,15,open
Windfarm 2024,2024-05-26,SMOG Women,GB U20 Women,15,3,women
Windfarm 2024,2024-05-26,Masterclass,FRed,15,1,women
Windfarm 2024,2024-05-26,Lemmings 2,Brizzle,15,6,open
Windfarm 2024,2024-05-26,SOLENT Open 1,Sheffield Steal 1,15,5,open
Windfarm 2024,2024-05-26,Reading 2,Fire of London,15,11,open
Windfarm 2024,2024-05-26,LLLeeds 1,Brighton Ultimate Open,13,9,open
Windfarm 2024,2024-05-26,SYC,Kestrels,15,4,women
Windfarm 2024,2024-05-26,Spice,Horizon,12,8,women
Windfarm 2024,2024-05-26,Brixton,Eclipse,13,4,women
Windfarm 2024,2024-05-26,Chameleons,Sheffield Steal,11,6,women
Windfarm 2024,2024-05-26,Lemmings 1,Cambridge Ultimate Open,15,5,open
Windfarm 2024,2024-05-26,Newcastle Brown,GB U20 Open,11,10,open
Windfarm 2024,2024-05-26,Ka-Pow!,Manchester Ultimate,14,6,open
Windfarm 2024,2024-05-26,Flyght Open,Red Leicester,15,5,open
Windfarm 2024,2024-05-26,Brixton,South Wales Storm,15,5,open
Windfarm 2024,2024-05-26,SMASH'D,Alba,14,13,open
Windfarm 2024,2024-05-26,SMOG Open,XVI,13,9,open
Windfarm 2024,2024-05-26,Rebel Ultimate,DED,11,15,open
Windfarm 2024,2024-05-26,Itheni,Bristol Women,14,9,women
Windfarm 2024,2024-05-26,GB Masters Women,Lemmings,12,15,women
Windfarm 2024,2024-05-26,GB U20 Women,FRed,15,3,women
Windfarm 2024,2024-05-26,Masterclass,SMOG Women,8,10,women
Windfarm 2024,2024-05-26,Lemmings 2,SOLENT Open 1,13,10,open
Windfarm 2024,2024-05-26,Sheffield Steal 1,Brizzle,9,14,open
Windfarm 2024,2024-05-26,Fire of London,Brighton Ultimate Open,13,15,open
Windfarm 2024,2024-05-26,LLLeeds 1,Reading 2,12,14,open
Windfarm 2024,2024-05-26,SYC,Spice,14,9,women
Windfarm 2024,2024-05-26,Horizon,Kestrels,15,6,women
Windfarm 2024,2024-05-26,Newcastle Brown,Sheffield Steal,10,8,women
Windfarm 2024,2024-05-26,Brixton,Chameleons,8,4,women
Windfarm 2024,2024-05-26,Rebel Ultimate,Cambridge Ultimate Open,15,8,open
Windfarm 2024,2024-05-26,Ka-Pow!,Newcastle Brown,10,11,open
Windfarm 2024,2024-05-26,GB U20 Open,Manchester Ultimate,10,9,open
Windfarm 2024,2024-05-26,Birmingham Ultimate,Red Leicester,13,4,open
Windfarm 2024,2024-05-26,Curve,South Wales Storm,15,5,open
Windfarm 2024,2024-05-26,XVI,Alba,10,9,open
Windfarm 2024,2024-05-26,SMASH'D,SMOG Open,12,9,open
Windfarm 2024,2024-05-26,Lemmings 1,DED,15,9,open
Windfarm 2024,2024-05-26,Bristol Women,GB Masters Women,7,12,women
Windfarm 2024,2024-05-26,Lemmings,Itheni,10,7,women
Windfarm 2024,2024-05-26,Frothing,GB Open Masters,15,12,open
Windfarm 2024,2024-05-26,Ranelagh 1,Bristol Open,15,10,open
Windfarm 2024,2024-05-26,Flyght Open,Birmingham Ultimate,12,8,open
Windfarm 2024,2024-05-26,Brixton,Curve,13,9,open
Windfarm 2024,2024-05-26,SYC,SMOG Women,4,14,women
Windfarm 2024,2024-05-26,Horizon,GB U20 Women,11,9,women
Windfarm 2024,2024-05-26,FRed,Kestrels,1,15,women
Windfarm 2024,2024-05-26,Masterclass,Spice,14,6,women
Windfarm 2024,2024-05-26,Newcastle Brown,Brixton,1,1,women
Windfarm 2024,2024-05-26,Sheffield Steal,Eclipse,15,2,women
Windfarm 2024,2024-05-26,Lemmings 1,Newcastle Brown,1,1,open
Windfarm 2024,2024-05-26,Rebel Ultimate,GB U20 Open,12,15,open
Windfarm 2024,2024-05-26,Manchester Ultimate,Cambridge Ultimate Open,11,15,open
Windfarm 2024,2024-05-26,Lemmings 2,Reading 2,1,1,open
Windfarm 2024,2024-05-26,LLLeeds 1,SOLENT Open 1,15,12,open
Windfarm 2024,2024-05-26,Fire of London,Sheffield Steal 1,15,5,open
Windfarm 2024,2024-05-26,Brizzle,Brighton Ultimate Open,10,15,open
Windfarm 2024,2024-05-26,Ka-Pow!,DED,1,1,open
Windfarm 2024,2024-05-26,Red Leicester,South Wales Storm,15,5,open
Windfarm 2024,2024-05-26,Birmingham Ultimate,Curve,15,8,open
Windfarm 2024,2024-05-26,Brixton,Flyght Open,13,14,open
EUF Spring Tour 2024,2024-04-20,Iceni,Horizon,15,4,women
EUF Spring Tour 2024,2024-04-20,Iceni,Mooncup,10,9,women
EUF Spring Tour 2024,2024-04-20,Iceni,Seagulls,13,7,women
EUF Spring Tour 2024,2024-04-21,Iceni,Bristol,12,11,women
EUF Spring Tour 2024,2024-04-21,Iceni,Gravity,12,7,women
EUF Spring Tour 2024,2024-04-21,Iceni,LMU,9,7,women
EUF Spring Tour 2024,2024-04-20,Bristol Women,Gravity,12,9,women
EUF Spring Tour 2024,2024-04-20,Bristol Women,Spice,15,3,women
EUF Spring Tour 2024,2024-04-20,Bristol Women,SMOG Women,11,12,women
EUF Spring Tour 2024,2024-04-21,Bristol Women,Mooncup,10,8,women
EUF Spring Tour 2024,2024-04-21,Bristol Women,SYC,12,7,women
EUF Spring Tour 2024,2024-04-20,SYC,Mooncup,2,15,women
EUF Spring Tour 2024,2024-04-20,SYC,Seagulls,13,11,women
EUF Spring Tour 2024,2024-04-20,SYC,Spice,11,9,women
EUF Spring Tour 2024,2024-04-21,SYC,SMOG Women,11,10,women
EUF Spring Tour 2024,2024-04-21,SYC,Seagulls,8,14,women
EUF Spring Tour 2024,2024-04-20,SMOG Women,Mooncup,9,11,women
EUF Spring Tour 2024,2024-04-20,SMOG Women,Spice,15,9,women
EUF Spring Tour 2024,2024-04-21,SMOG Women,Gravity,10,9,women
EUF Spring Tour 2024,2024-04-21,SMOG Women,Horizon,14,9,women
EUF Spring Tour 2024,2024-04-20,Horizon,LMU,4,15,women
EUF Spring Tour 2024,2024-04-20,Horizon,Gravity,7,13,women
EUF Spring Tour 2024,2024-04-21,Horizon,Spice,9,15,women
EUF Spring Tour 2024,2024-04-21,Horizon,Seagulls,7,14,women
EUF Spring Tour 2024,2024-04-21,Spice,Mooncup,6,9,women
EUF Spring Tour 2024,2024-04-21,Spice,LMU,7,12,women
EUF Spring Tour 2024,2024-04-20,LMU,Seagulls,13,7,women
EUF Spring Tour 2024,2024-04-20,LMU,Gravity,10,8,women
EUF Spring Tour 2024,2024-04-21,LMU,Mooncup,10,14,women
EUF Spring Tour 2024,2024-04-21,Gravity,Seagulls,7,10,women
Regionals-South 2024,2024-06-08,Clapham Ultimate,SOLENT Open 1,13,4,open
Regionals-South 2024,2024-06-08,SMASH'D,Bristol Open 2,13,6,open
Regionals-South 2024,2024-06-08,Ka-Pow!,Brighton Ultimate Open,13,2,open
Regionals-South 2024,2024-06-08,Bristol Open,Reading 1,13,9,open
Regionals-South 2024,2024-06-08,Thundering Herd 1,Bristol Mixed,15,4,mixed
Regionals-South 2024,2024-06-08,Reading Ultimate,SOLENT Mixed,15,3,mixed
Regionals-South 2024,2024-06-08,Deep Space,Brixton,15,2,mixed
Regionals-South 2024,2024-06-08,SOLENT Open 1,Devon,6,8,open
Regionals-South 2024,2024-06-08,Clapham Ultimate,Bristol Open 2,13,3,open
Regionals-South 2024,2024-06-08,Fire of London,Brighton Ultimate Open,11,6,open
Regionals-South 2024,2024-06-08,BN1,Oxford Ultimate,11,7,mixed
Regionals-South 2024,2024-06-08,Thundering Herd 1,Zoo,12,8,mixed
Regionals-South 2024,2024-06-08,Reading Ultimate,Thundering Herd 2,15,3,mixed
Regionals-South 2024,2024-06-08,Deep Space,Curve,15,0,mixed
Regionals-South 2024,2024-06-08,SMASH'D,Devon,11,10,open
Regionals-South 2024,2024-06-08,Ka-Pow!,Reading 1,12,8,open
Regionals-South 2024,2024-06-08,Bristol Open,Fire of London,12,7,open
Regionals-South 2024,2024-06-08,Bristol Mixed,Zoo,10,13,mixed
Regionals-South 2024,2024-06-08,SOLENT Mixed,Thundering Herd 2,11,8,mixed
Regionals-South 2024,2024-06-08,Brixton,Curve,14,4,mixed
Regionals-South 2024,2024-06-08,Clapham Ultimate,SMASH'D,13,5,open
Regionals-South 2024,2024-06-08,Reading 1,Brighton Ultimate Open,13,2,open
Regionals-South 2024,2024-06-08,SOLENT Open 1,Bristol Open 2,13,3,open
Regionals-South 2024,2024-06-08,Reading Ultimate,Thundering Herd 1,15,3,mixed
Regionals-South 2024,2024-06-08,Deep Space,BN1,15,6,mixed
Regionals-South 2024,2024-06-08,Ka-Pow!,Fire of London,11,7,open
Regionals-South 2024,2024-06-08,Bristol Open,Brighton Ultimate Open,13,2,open
Regionals-South 2024,2024-06-08,Devon,Bristol Open 2,13,6,open
Regionals-South 2024,2024-06-08,Brixton,Thundering Herd 2,8,12,mixed
Regionals-South 2024,2024-06-08,SOLENT Mixed,Curve,15,1,mixed
Regionals-South 2024,2024-06-08,Oxford Ultimate,Bristol Mixed,15,9,mixed
Regionals-South 2024,2024-06-08,Reading 1,Fire of London,12,10,open
Regionals-South 2024,2024-06-08,SMASH'D,SOLENT Open 1,13,10,open
Regionals-South 2024,2024-06-08,Bristol Open,Ka-Pow!,13,10,open
Regionals-South 2024,2024-06-08,Clapham Ultimate,Devon,13,2,open
Regionals-South 2024,2024-06-09,Brixton,Bristol Mixed,9,6,mixed
Regionals-South 2024,2024-06-09,Deep Space,Thundering Herd 1,12,5,mixed
Regionals-South 2024,2024-06-09,Reading Ultimate,BN1,15,8,mixed
Regionals-South 2024,2024-06-09,Zoo,Thundering Herd 2,11,8,mixed
Regionals-South 2024,2024-06-09,Oxford Ultimate,SOLENT Mixed,6,13,mixed
Regionals-South 2024,2024-06-09,Brixton,Curve,14,7,mixed
Regionals-South 2024,2024-06-09,Clapham Ultimate,Ka-Pow!,15,4,open
Regionals-South 2024,2024-06-09,Bristol Open,SMASH'D,14,9,open
Regionals-South 2024,2024-06-09,Reading 1,SOLENT Open 1,8,15,open
Regionals-South 2024,2024-06-09,Devon,Fire of London,4,13,open
Regionals-South 2024,2024-06-09,Curve,Bristol Mixed,6,14,mixed
Regionals-South 2024,2024-06-09,Thundering Herd 1,SOLENT Mixed,15,4,mixed
Regionals-South 2024,2024-06-09,BN1,Zoo,15,9,mixed
Regionals-South 2024,2024-06-09,Deep Space,Reading Ultimate,10,9,mixed
Regionals-South 2024,2024-06-09,Oxford Ultimate,Thundering Herd 2,13,9,mixed
Regionals-South 2024,2024-06-09,Reading 1,Brighton Ultimate Open,15,9,open
Regionals-South 2024,2024-06-09,Devon,Bristol Open 2,14,10,open
Regionals-South 2024,2024-06-09,BN1,Thundering Herd 1,15,7,mixed
Regionals-South 2024,2024-06-09,Zoo,SOLENT Mixed,7,11,mixed
Regionals-South 2024,2024-06-09,Clapham Ultimate,Bristol Open,15,5,open
Regionals-South 2024,2024-06-09,SMASH'D,SOLENT Open 1,12,11,open
Regionals-South 2024,2024-06-09,Ka-Pow!,Fire of London,11,10,open
Regionals-South 2024,2024-06-09,Oxford Ultimate,Brixton,14,8,mixed
Regionals-South 2024,2024-06-09,Thundering Herd 2,Bristol Mixed,11,5,mixed
Regionals-South 2024,2024-06-09,Devon,Reading 1,13,11,open
Regionals-South 2024,2024-06-09,SMASH'D,Ka-Pow!,15,9,open
Regionals-South 2024,2024-06-09,SOLENT Open 1,Fire of London,14,9,open
Regionals-South 2024,2024-06-09,Brighton Ultimate Open,Bristol Open 2,6,15,open
Regionals-North 2024,2024-06-08,Chevron Action Flash,Manchester Ultimate,13,1,open
Regionals-North 2024,2024-06-08,SMOG Open,Sheffield Steal,13,2,open
Regionals-North 2024,2024-06-08,Cambridge Ultimate,EDI,6,5,open
Regionals-North 2024,2024-06-08,LLLeeds Open 1,Lemmings 1,13,5,open
Regionals-North 2024,2024-06-08,Sheffield Steal,Heck,8,13,mixed
Regionals-North 2024,2024-06-08,Lemmings 1,GUXYZ,15,5,mixed
Regionals-North 2024,2024-06-08,Glasgow Mixed,Contested 1,14,9,mixed
Regionals-North 2024,2024-06-08,Manchester Ultimate,Newcastle Brown,13,4,open
Regionals-North 2024,2024-06-08,Chevron Action Flash,Sheffield Steal,13,0,open
Regionals-North 2024,2024-06-08,Alba,EDI,13,2,open
Regionals-North 2024,2024-06-08,Flyght Mixed,Newcastle Brown,8,12,mixed
Regionals-North 2024,2024-06-08,Sheffield Steal,Black Sheep,15,3,mixed
Regionals-North 2024,2024-06-08,Lemmings 1,Mamak Ultimate,15,2,mixed
Regionals-North 2024,2024-06-08,Glasgow Mixed,Brum-ish,15,5,mixed
Regionals-North 2024,2024-06-08,SMOG Open,Newcastle Brown,13,0,open
Regionals-North 2024,2024-06-08,LLLeeds Open 1,Cambridge Ultimate,11,5,open
Regionals-North 2024,2024-06-08,Alba,Lemmings 1,13,1,open
Regionals-North 2024,2024-06-08,Heck,Black Sheep,13,3,mixed
Regionals-North 2024,2024-06-08,GUXYZ,Mamak Ultimate,12,3,mixed
Regionals-North 2024,2024-06-08,Contested 1,Brum-ish,11,10,mixed
Regionals-North 2024,2024-06-08,Chevron Action Flash,SMOG Open,11,7,open
Regionals-North 2024,2024-06-08,Lemmings 1,EDI,7,5,open
Regionals-North 2024,2024-06-08,Manchester Ultimate,Sheffield Steal,11,2,open
Regionals-North 2024,2024-06-08,Lemmings 1,Newcastle Brown,14,7,mixed
Regionals-North 2024,2024-06-08,Glasgow Mixed,Heck,10,11,mixed
Regionals-North 2024,2024-06-08,Alba,Cambridge Ultimate,13,2,open
Regionals-North 2024,2024-06-08,LLLeeds Open 1,EDI,10,7,open
Regionals-North 2024,2024-06-08,Newcastle Brown,Sheffield Steal,13,1,open
Regionals-North 2024,2024-06-08,GUXYZ,Brum-ish,7,11,mixed
Regionals-North 2024,2024-06-08,Flyght Mixed,Black Sheep,15,2,mixed
Regionals-North 2024,2024-06-08,Contested 1,Mamak Ultimate,12,4,mixed
Regionals-North 2024,2024-06-08,Cambridge Ultimate,Lemmings 1,5,12,open
Regionals-North 2024,2024-06-08,Alba,LLLeeds Open 1,13,1,open
Regionals-North 2024,2024-06-08,SMOG Open,Manchester Ultimate,10,7,open
Regionals-North 2024,2024-06-08,Chevron Action Flash,Newcastle Brown,13,2,open
Regionals-North 2024,2024-06-09,Lemmings 1,Glasgow Mixed,15,7,mixed
Regionals-North 2024,2024-06-09,Heck,Newcastle Brown,10,8,mixed
Regionals-North 2024,2024-06-09,GUXYZ,Black Sheep,12,5,mixed
Regionals-North 2024,2024-06-09,Flyght Mixed,Contested 1,12,9,mixed
Regionals-North 2024,2024-06-09,Sheffield Steal,Brum-ish,13,6,mixed
Regionals-North 2024,2024-06-09,Chevron Action Flash,LLLeeds Open 1,15,1,open
Regionals-North 2024,2024-06-09,Alba,SMOG Open,12,10,open
Regionals-North 2024,2024-06-09,GUXYZ,Mamak Ultimate,14,4,mixed
Regionals-North 2024,2024-06-09,Lemmings 1,Newcastle Brown,12,11,open
Regionals-North 2024,2024-06-09,Manchester Ultimate,Cambridge Ultimate,14,7,open
Regionals-North 2024,2024-06-09,Glasgow Mixed,Flyght Mixed,10,7,mixed
Regionals-North 2024,2024-06-09,Newcastle Brown,Sheffield Steal,11,8,mixed
Regionals-North 2024,2024-06-09,Mamak Ultimate,Black Sheep,10,4,mixed
Regionals-North 2024,2024-06-09,Lemmings 1,Heck,15,4,mixed
Regionals-North 2024,2024-06-09,Contested 1,Brum-ish,8,14,mixed
Regionals-North 2024,2024-06-09,Newcastle Brown,EDI,15,10,open
Regionals-North 2024,2024-06-09,Cambridge Ultimate,Sheffield Steal,15,5,open
Regionals-North 2024,2024-06-09,Newcastle Brown,Glasgow Mixed,7,11,mixed
Regionals-North 2024,2024-06-09,Sheffield Steal,Flyght Mixed,5,15,mixed
Regionals-North 2024,2024-06-09,Chevron Action Flash,Alba,15,6,open
Regionals-North 2024,2024-06-09,SMOG Open,Lemmings 1,15,2,open
Regionals-North 2024,2024-06-09,LLLeeds Open 1,Manchester Ultimate,15,11,open
Regionals-North 2024,2024-06-09,Brum-ish,GUXYZ,7,12,mixed
Regionals-North 2024,2024-06-09,Contested 1,Mamak Ultimate,10,7,mixed
Regionals-North 2024,2024-06-09,Cambridge Ultimate,Newcastle Brown,13,10,open
Regionals-North 2024,2024-06-09,EDI,Sheffield Steal,15,5,open
Regionals-North 2024,2024-06-09,SMOG Open,LLLeeds Open 1,15,5,open
Regionals-North 2024,2024-06-09,Lemmings 1,Manchester Ultimate,0,15,open
Nationals 2024,2024-07-06,Alba,SMASH'D,13,15,open
Nationals 2024,2024-07-06,Iceni,Spice,15,10,women
Nationals 2024,2024-07-06,SYC,Horizon,13,14,women
Nationals 2024,2024-07-06,Bristol,SMOG,13,14,women
Nationals 2024,2024-07-06,LMU,Chameleons,15,3,women
Nationals 2024,2024-07-06,Clapham,LLLeeds,15,7,open
Nationals 2024,2024-07-06,Bristol Open,Ka-Pow!,15,10,open
Nationals 2024,2024-07-06,Chevron Action Flash,SMOG,15,14,open
Nationals 2024,2024-07-06,Lemmings,Reading,10,13,mixed
Nationals 2024,2024-07-06,GUX,Thundering Herd,9,10,mixed
Nationals 2024,2024-07-06,Heck,Newcastle Brown,14,11,mixed
Nationals 2024,2024-07-06,Deep Space,BN1,14,8,mixed
Nationals 2024,2024-07-06,Chevron Action Flash,Bristol Open,15,12,open
Nationals 2024,2024-07-06,SMOG,Ka-Pow!,15,5,open
Nationals 2024,2024-07-06,Clapham,Alba,15,12,open
Nationals 2024,2024-07-06,SMASH'D,LLLeeds,15,13,open
Nationals 2024,2024-07-06,SYC,SMOG,10,14,women
Nationals 2024,2024-07-06,LMU,Spice,15,3,women
Nationals 2024,2024-07-06,Bristol,Horizon,14,8,women
Nationals 2024,2024-07-06,Iceni,Chameleons,15,0,women
Nationals 2024,2024-07-06,Deep Space,Heck,14,8,mixed
Nationals 2024,2024-07-06,BN1,Newcastle Brown,11,8,mixed
Nationals 2024,2024-07-06,Reading,Thundering Herd,14,4,mixed
Nationals 2024,2024-07-06,Lemmings,GUX,15,7,mixed
Nationals 2024,2024-07-06,Bristol Open,SMOG,12,13,open
Nationals 2024,2024-07-06,Chevron Action Flash,Ka-Pow!,15,6,open
Nationals 2024,2024-07-06,Clapham,SMASH'D,15,3,open
Nationals 2024,2024-07-06,Alba,LLLeeds,15,6,open
Nationals 2024,2024-07-06,Bristol,SYC,15,9,women
Nationals 2024,2024-07-06,SMOG,Horizon,11,9,women
Nationals 2024,2024-07-06,Iceni,LMU,13,7,women
Nationals 2024,2024-07-06,Spice,Chameleons,15,3,women
Nationals 2024,2024-07-06,Heck,BN1,15,9,mixed
Nationals 2024,2024-07-06,Deep Space,Newcastle Brown,15,2,mixed
Nationals 2024,2024-07-06,Lemmings,Thundering Herd,15,5,mixed
Nationals 2024,2024-07-06,Reading,GUX,15,6,mixed
Nationals 2024,2024-07-07,Iceni,Bristol,9,15,women
Nationals 2024,2024-07-07,SMOG,LMU,7,13,women
Nationals 2024,2024-07-07,Bristol Open,LLLeeds,15,6,open
Nationals 2024,2024-07-07,Alba,Ka-Pow!,15,10,open
Nationals 2024,2024-07-07,Thundering Herd,Newcastle Brown,14,12,mixed
Nationals 2024,2024-07-07,BN1,GUX,13,10,mixed
Nationals 2024,2024-07-07,Deep Space,Lemmings,15,7,mixed
Nationals 2024,2024-07-07,Clapham,SMOG,15,7,open
Nationals 2024,2024-07-07,Reading,Heck,15,8,mixed
Nationals 2024,2024-07-07,Chevron Action Flash,SMASH'D,15,5,open
Nationals 2024,2024-07-07,Horizon,Chameleons,15,2,women
Nationals 2024,2024-07-07,Spice,SYC,11,10,women
Nationals 2024,2024-07-07,Bristol,LMU,15,7,women
Nationals 2024,2024-07-07,SMOG,Iceni,12,13,women
Nationals 2024,2024-07-07,LLLeeds,Ka-Pow!,10,12,open
Nationals 2024,2024-07-07,Alba,Bristol Open,15,14,open
Nationals 2024,2024-07-07,GUX,Newcastle Brown,15,5,mixed
Nationals 2024,2024-07-07,Chevron Action Flash,Clapham,13,15,open
Nationals 2024,2024-07-07,Heck,Lemmings,8,15,mixed
Nationals 2024,2024-07-07,Thundering Herd,BN1,10,14,mixed
Nationals 2024,2024-07-07,SMOG,SMASH'D,12,11,open
Nationals 2024,2024-07-07,SYC,Chameleons,15,0,women
Nationals 2024,2024-07-07,Horizon,Spice,11,14,women
Nationals 2024,2024-07-07,Deep Space,Reading,12,11,mixed
Nationals Div 2 2024,2024-07-06,Lemmings 1,Bristol Open 2,11,5,open
Nationals Div 2 2024,2024-07-06,SOLENT Open,Devon,9,7,open
Nationals Div 2 2024,2024-07-06,Fire of London,Sheffield Steal Open,11,6,open
Nationals Div 2 2024,2024-07-06,Manchester Ultimate,Cambridge Ultimate,7,13,open
Nationals Div 2 2024,2024-07-06,Flyght Mixed,Thundering Herd 2,14,7,mixed
Nationals Div 2 2024,2024-07-06,Oxford Ultimate,GUXYZ,15,8,mixed
Nationals Div 2 2024,2024-07-06,Sheffield Steal Mixed,Contested 1,13,14,mixed
Nationals Div 2 2024,2024-07-06,Lemmings 1,EDI,10,8,open
Nationals Div 2 2024,2024-07-06,SOLENT Open,Bristol Open 2,9,4,open
Nationals Div 2 2024,2024-07-06,Fire of London,Reading 1,9,8,open
Nationals Div 2 2024,2024-07-06,Manchester Ultimate,Sheffield Steal Open,13,4,open
Nationals Div 2 2024,2024-07-06,Devon,EDI,8,6,open
Nationals Div 2 2024,2024-07-06,Cambridge Ultimate,Reading 1,8,6,open
Nationals Div 2 2024,2024-07-06,Flyght Mixed,Sheffield Steal Mixed,7,10,mixed
Nationals Div 2 2024,2024-07-06,GUXYZ,Thundering Herd 2,9,7,mixed
Nationals Div 2 2024,2024-07-06,Oxford Ultimate,Contested 1,13,8,mixed
Nationals Div 2 2024,2024-07-06,Manchester Ultimate,Fire of London,7,10,open
Nationals Div 2 2024,2024-07-06,SOLENT Open,Lemmings 1,10,8,open
Nationals Div 2 2024,2024-07-06,Cambridge Ultimate,Sheffield Steal Open,11,10,open
Nationals Div 2 2024,2024-07-06,Manchester Ultimate,Reading 1,7,11,open
Nationals Div 2 2024,2024-07-06,Devon,Bristol Open 2,13,7,open
Nationals Div 2 2024,2024-07-06,SOLENT Open,EDI,10,7,open
Nationals Div 2 2024,2024-07-06,Thundering Herd 2,Contested 1,4,10,mixed
Nationals Div 2 2024,2024-07-06,Flyght Mixed,GUXYZ,13,4,mixed
Nationals Div 2 2024,2024-07-06,Sheffield Steal Mixed,Oxford Ultimate,4,11,mixed
Nationals Div 2 2024,2024-07-06,Fire of London,Cambridge Ultimate,11,1,open
Nationals Div 2 2024,2024-07-06,Reading 1,Sheffield Steal Open,13,2,open
Nationals Div 2 2024,2024-07-06,Lemmings 1,Devon,10,3,open
Nationals Div 2 2024,2024-07-06,EDI,Bristol Open 2,12,5,open
Nationals Div 2 2024,2024-07-07,EDI,Sheffield Steal Open,10,8,open
Nationals Div 2 2024,2024-07-07,GUXYZ,Contested 1,2,14,mixed
Nationals Div 2 2024,2024-07-07,Flyght Mixed,Oxford Ultimate,7,12,mixed
Nationals Div 2 2024,2024-07-07,Sheffield Steal Mixed,Thundering Herd 2,11,10,mixed
Nationals Div 2 2024,2024-07-07,Lemmings 1,Reading 1,12,11,open
Nationals Div 2 2024,2024-07-07,Cambridge Ultimate,Devon,11,10,open
Nationals Div 2 2024,2024-07-07,Manchester Ultimate,Bristol Open 2,15,3,open
Nationals Div 2 2024,2024-07-07,Reading 1,EDI,15,8,open
Nationals Div 2 2024,2024-07-07,Devon,Manchester Ultimate,8,10,open
Nationals Div 2 2024,2024-07-07,Sheffield Steal Mixed,GUXYZ,12,7,mixed
Nationals Div 2 2024,2024-07-07,Flyght Mixed,Contested 1,12,11,mixed
Nationals Div 2 2024,2024-07-07,Oxford Ultimate,Thundering Herd 2,13,7,mixed
Nationals Div 2 2024,2024-07-07,SOLENT Open,Cambridge Ultimate,14,8,open
Nationals Div 2 2024,2024-07-07,Fire of London,Lemmings 1,11,9,open
Nationals Div 2 2024,2024-07-07,Bristol Open 2,Sheffield Steal Open,13,5,open
Nationals Div 2 2024,2024-07-07,EDI,Devon,7,13,open
Nationals Div 2 2024,2024-07-07,Manchester Ultimate,Reading 1,12,15,open
Nationals Div 2 2024,2024-07-07,Lemmings 1,Cambridge Ultimate,5,15,open
Nationals Div 2 2024,2024-07-07,Oxford Ultimate,Sheffield Steal Mixed,15,9,mixed
Nationals Div 2 2024,2024-07-07,SOLENT Open,Fire of London,11,8,open
The One Where We All Play Mixed 2024,2024-08-03,Lemmings,Bristol Mixed,12,6,mixed
The One Where We All Play Mixed 2024,2024-08-03,GUXYZ,Black Sheep Ultimate,9,5,mixed
The One Where We All Play Mixed 2024,2024-08-03,Splash'D,Thundering Herd 2,15,6,mixed
The One Where We All Play Mixed 2024,2024-08-03,Lemmings,GUXYZ,13,3,mixed
The One Where We All Play Mixed 2024,2024-08-03,Bristol Mixed,Black Sheep Ultimate,15,4,mixed
The One Where We All Play Mixed 2024,2024-08-03,Sheffield Steal,Birmingham Ultimate,9,12,mixed
The One Where We All Play Mixed 2024,2024-08-03,Oxford Ultimate,Brixton,14,5,mixed
The One Where We All Play Mixed 2024,2024-08-03,Oxford Ultimate,Sheffield Steal,15,2,mixed
The One Where We All Play Mixed 2024,2024-08-03,Brixton,Birmingham Ultimate,14,8,mixed
The One Where We All Play Mixed 2024,2024-08-03,Splash'D,Zoo,15,5,mixed
The One Where We All Play Mixed 2024,2024-08-03,GUXYZ,Bristol Mixed,9,12,mixed
The One Where We All Play Mixed 2024,2024-08-03,Lemmings,Black Sheep Ultimate,15,3,mixed
The One Where We All Play Mixed 2024,2024-08-03,Oxford Ultimate,Birmingham Ultimate,15,5,mixed
The One Where We All Play Mixed 2024,2024-08-03,Sheffield Steal,Brixton,5,12,mixed
The One Where We All Play Mixed 2024,2024-08-03,Zoo,Thundering Herd 2,6,15,mixed
The One Where We All Play Mixed 2024,2024-08-04,Splash'D,Bristol Mixed,15,9,mixed
The One Where We All Play Mixed 2024,2024-08-04,Lemmings,Thundering Herd 2,11,14,mixed
The One Where We All Play Mixed 2024,2024-08-04,GUXYZ,Birmingham Ultimate,12,5,mixed
The One Where We All Play Mixed 2024,2024-08-04,Sheffield Steal,Black Sheep Ultimate,11,5,mixed
The One Where We All Play Mixed 2024,2024-08-04,Brixton,Bristol Mixed,10,12,mixed
The One Where We All Play Mixed 2024,2024-08-04,Oxford Ultimate,Thundering Herd 2,13,9,mixed
The One Where We All Play Mixed 2024,2024-08-04,Zoo,Birmingham Ultimate,11,5,mixed
The One Where We All Play Mixed 2024,2024-08-04,GUXYZ,Black Sheep Ultimate,8,7,mixed
The One Where We All Play Mixed 2024,2024-08-04,Splash'D,Brixton,15,2,mixed
The One Where We All Play Mixed 2024,2024-08-04,Lemmings,Oxford Ultimate,9,10,mixed
The One Where We All Play Mixed 2024,2024-08-04,Zoo,Sheffield Steal,8,4,mixed
The One Where We All Play Mixed 2024,2024-08-04,Birmingham Ultimate,Black Sheep Ultimate,7,8,mixed
The One Where We All Play Mixed 2024,2024-08-04,Splash'D,Oxford Ultimate,15,9,mixed
The One Where We All Play Mixed 2024,2024-08-04,Thundering Herd 2,Bristol Mixed,10,13,mixed
The One Where We All Play Mixed 2024,2024-08-04,Brixton,Lemmings,4,15,mixed
The One Where We All Play Mixed 2024,2024-08-04,GUXYZ,Sheffield Steal,7,8,mixed
The One Where We All Play Mixed 2024,2024-08-04,Zoo,Black Sheep Ultimate,12,3,mixed
The One Where We All Play Mixed 2024,2024-08-04,Zoo,GUXYZ,8,7,mixed
The One Where We All Play Mixed 2024,2024-08-04,Birmingham Ultimate,Sheffield Steal,3,10,mixed
Leicester - August Edition 2024,2024-08-17,Lemmings 1,Simmer,14,12,open
Leicester - August Edition 2024,2024-08-17,Ranelagh,Flyght Open 1,15,8,open
Leicester - August Edition 2024,2024-08-17,Cambridge Ultimate Open,Brizzle,10,12,open
Leicester - August Edition 2024,2024-08-17,Lemmings 1,Cambridge Ultimate Open,15,6,open
Leicester - August Edition 2024,2024-08-17,Flyght Open 1,Simmer,7,14,open
Leicester - August Edition 2024,2024-08-17,Ranelagh,Brizzle,15,7,open
Leicester - August Edition 2024,2024-08-17,Cambridge Ultimate Open,Simmer,12,14,open
Leicester - August Edition 2024,2024-08-17,Flyght Open 1,Brizzle,13,10,open
Leicester - August Edition 2024,2024-08-17,Lemmings 1,Ranelagh,9,15,open
Leicester - August Edition 2024,2024-08-18,Simmer,Brizzle,12,10,open
Leicester - August Edition 2024,2024-08-18,Lemmings 1,Flyght Open 1,15,7,open
Leicester - August Edition 2024,2024-08-18,Cambridge Ultimate Open,Ranelagh,8,15,open
Leicester - August Edition 2024,2024-08-18,Ranelagh,Simmer,15,7,open
Leicester - August Edition 2024,2024-08-18,Lemmings 1,Brizzle,15,10,open
Leicester - August Edition 2024,2024-08-18,Cambridge Ultimate Open,Flyght Open 1,14,7,open
Leicester - August Edition 2024,2024-08-18,Ranelagh,Lemmings 1,12,10,open
Leicester - August Edition 2024,2024-08-18,Brizzle,Flyght Open 1,14,6,open
Leicester - August Edition 2024,2024-08-18,Simmer,Cambridge Ultimate Open,15,8,open
EUF Summer Tour 2024 - Birmingham,2024-08-03,BN1,Leamington Lemmings,8,12,mixed
EUF Summer Tour 2024 - Birmingham,2024-08-03,BN1,Reading Ultimate,8,14,mixed
EUF Summer Tour 2024 - Birmingham,2024-08-04,BN1,Glasgow Mixed,10,7,mixed
EUF Summer Tour 2024 - Birmingham,2024-08-04,BN1,Deep Space,6,13,mixed
EUF Summer Tour 2024 - Birmingham,2024-08-04,BN1,Reading Ultimate,7,13,mixed
EUF Summer Tour 2024 - Birmingham,2024-08-03,Deep Space,Reading Ultimate,13,9,mixed
EUF Summer Tour 2024 - Birmingham,2024-08-03,Deep Space,Leamington Lemmings,11,10,mixed
EUF Summer Tour 2024 - Birmingham,2024-08-03,Deep Space,Glasgow Mixed,10,7,mixed
EUF Summer Tour 2024 - Birmingham,2024-08-04,Deep Space,Leamington Lemmings,12,11,mixed
EUF Summer Tour 2024 - Birmingham,2024-08-03,Leamington Lemmings,Glasgow Mixed,11,10,mixed
EUF Summer Tour 2024 - Birmingham,2024-08-04,Leamington Lemmings,Reading Ultimate,14,7,mixed
EUF Summer Tour 2024 - Birmingham,2024-08-04,Reading Ultimate,Glasgow Mixed,14,8,mixed
EUF Summer Tour 2024 - Leicester,2024-08-17,Alba,SMASH'D,11,10,open
EUF Summer Tour 2024 - Leicester,2024-08-17,Alba,Rebel Ultimate,15,12,open
EUF Summer Tour 2024 - Leicester,2024-08-17,Alba,Bristol,14,10,open
EUF Summer Tour 2024 - Leicester,2024-08-18,Alba,XVI,12,13,open
EUF Summer Tour 2024 - Leicester,2024-08-18,Alba,Bristol,14,11,open
EUF Summer Tour 2024 - Leicester,2024-08-17,Bristol,Chevron Action Flash,12,15,open
EUF Summer Tour 2024 - Leicester,2024-08-17,Bristol,Rebel Ultimate,15,7,open
EUF Summer Tour 2024 - Leicester,2024-08-18,Bristol,SMOG,11,9,open
EUF Summer Tour 2024 - Leicester,2024-08-17,Chevron Action Flash,SMASH'D,13,10,open
EUF Summer Tour 2024 - Leicester,2024-08-17,Chevron Action Flash,Ka-Pow!,15,10,open
EUF Summer Tour 2024 - Leicester,2024-08-18,Chevron Action Flash,SMOG,14,4,open
EUF Summer Tour 2024 - Leicester,2024-08-18,Chevron Action Flash,XVI,15,5,open
EUF Summer Tour 2024 - Leicester,2024-08-17,Dublin Frisbee 7s,XVI,4,15,open
EUF Summer Tour 2024 - Leicester,2024-08-17,Dublin Frisbee 7s,SMOG,3,15,open
EUF Summer Tour 2024 - Leicester,2024-08-18,Dublin Frisbee 7s,Rebel Ultimate,9,10,open
EUF Summer Tour 2024 - Leicester,2024-08-18,Dublin Frisbee 7s,Ka-Pow!,7,11,open
EUF Summer Tour 2024 - Leicester,2024-08-18,Dublin Frisbee 7s,SMASH'D,13,11,open
EUF Summer Tour 2024 - Leicester,2024-08-17,Ka-Pow!,SMASH'D,9,11,open
EUF Summer Tour 2024 - Leicester,2024-08-17,Ka-Pow!,Rebel Ultimate,15,12,open
EUF Summer Tour 2024 - Leicester,2024-08-18,Ka-Pow!,SMASH'D,12,13,open
EUF Summer Tour 2024 - Leicester,2024-08-18,Rebel Ultimate,SMOG,7,14,open
EUF Summer Tour 2024 - Leicester,2024-08-18,SMASH'D,XVI,8,13,open
EUF Summer Tour 2024 - Leicester,2024-08-17,SMOG,XVI,9,12,open